-- --==============================================================
-- --******			C I V I L I Z A T I O N S			  ******
-- --==============================================================

--==============================================================
--******					BOOSTS						  ******
--==============================================================
UPDATE Boosts SET Unit1Type=NULL, BoostClass='BOOST_TRIGGER_CONSTRUCT_BUILDING', BuildingType='BUILDING_BARRACKS' WHERE TechnologyType='TECH_MILITARY_TACTICS';
INSERT INTO Boosts (BoostID, TechnologyType, TriggerDescription, TriggerLongDescription, Boost, BoostClass, BuildingType) VALUES
	(201, 'TECH_MILITARY_TACTICS', 'LOC_BOOST_TRIGGER_MILITARY_TACTICS', 'LOC_BOOST_TRIGGER_LONGDESC_MILITARY_TACTICS', 40, 'BOOST_TRIGGER_CONSTRUCT_BUILDING', 'BUILDING_STABLE');
UPDATE Boosts SET Unit1Type=NULL, BoostClass='BOOST_TRIGGER_HAVE_X_BUILDINGS', NumItems=2, BuildingType='BUILDING_LIGHTHOUSE' WHERE TechnologyType='TECH_SQUARE_RIGGING';

--==============================================================
--******					BUILDINGS				  	  ******
--==============================================================
UPDATE Buildings SET Entertainment=1 WHERE BuildingType='BUILDING_SEWER';
UPDATE ModifierArguments SET Value='50' WHERE ModifierId='BARRACKS_TRAINED_UNIT_XP';
UPDATE ModifierArguments SET Value='50' WHERE ModifierId='STABLE_TRAINED_UNIT_XP';
UPDATE ModifierArguments SET Value='50' WHERE ModifierId='ARMORY_TRAINED_UNIT_XP';
UPDATE ModifierArguments SET Value='50' WHERE ModifierId='MILITARY_ACADEMY_TRAINED_UNIT_XP';
UPDATE ModifierArguments SET Value='50' WHERE ModifierId='LIGHTHOUSE_TRAINED_UNIT_XP';
UPDATE ModifierArguments SET Value='50' WHERE ModifierId='SHIPYARD_TRAINED_UNIT_XP';
UPDATE ModifierArguments SET Value='50' WHERE ModifierId='SEAPORT_TRAINED_UNIT_XP';
UPDATE ModifierArguments SET Value='50' WHERE ModifierId='HANGAR_TRAINED_AIRCRAFT_XP';
UPDATE ModifierArguments SET Value='75' WHERE ModifierId='AIRPORT_TRAINED_AIRCRAFT_XP';
UPDATE ModifierArguments SET Value='50' WHERE ModifierId='BASILIKOI_TRAINED_UNIT_XP';
UPDATE ModifierArguments SET Value='50' WHERE ModifierId='ORDU_TRAINED_XP';
UPDATE Building_YieldChanges SET YieldChange=2 WHERE BuildingType='BUILDING_BARRACKS';
UPDATE Building_YieldChanges SET YieldChange=2 WHERE BuildingType='BUILDING_STABLE';
UPDATE Building_YieldChanges SET YieldChange=2 WHERE BuildingType='BUILDING_BASILIKOI_PAIDES';
UPDATE Building_GreatPersonPoints SET PointsPerTurn=2 WHERE BuildingType='BUILDING_ARMORY';
UPDATE Building_GreatPersonPoints SET PointsPerTurn=2 WHERE BuildingType='BUILDING_MILITARY_ACADEMY';
UPDATE Building_GreatPersonPoints SET PointsPerTurn=3 WHERE BuildingType='BUILDING_SEAPORT';

--==============================================================
--******			  		CITY-STATES					  ******
--==============================================================
-- lisbon (now Mogadishu in portugal pack) sea AND LAND trade routes cannot be plundered
UPDATE ModifierArguments SET Value='ABILITY_ECONOMIC_GOLDEN_AGE_PLUNDER_IMMUNITY' WHERE ModifierId='MINOR_CIV_LISBON_SEA_TRADE_ROUTE_PLUNDER_IMMUNITY_BONUS' AND Name='AbilityType';
-- nan-modal culture per district no longer applies to city center or wonders
INSERT INTO Requirements ( RequirementId, RequirementType, Inverse )
	VALUES
		( 'REQUIRES_DISTRICT_IS_NOT_CITY_CENTER_BBG', 'REQUIREMENT_PLOT_DISTRICT_TYPE_MATCHES', 1 ),
		( 'REQUIRES_DISTRICT_IS_NOT_AQUEDUCT_BBG', 'REQUIREMENT_PLOT_DISTRICT_TYPE_MATCHES', 1 ),
		( 'REQUIRES_DISTRICT_IS_NOT_CANAL_BBG', 'REQUIREMENT_PLOT_DISTRICT_TYPE_MATCHES', 1 ),
		( 'REQUIRES_DISTRICT_IS_NOT_DAM_BBG', 'REQUIREMENT_PLOT_DISTRICT_TYPE_MATCHES', 1 ),
		( 'REQUIRES_DISTRICT_IS_NOT_NEIGHBORHOOD_BBG', 'REQUIREMENT_PLOT_DISTRICT_TYPE_MATCHES', 1 ),
		( 'REQUIRES_DISTRICT_IS_NOT_SPACEPORT_BBG', 'REQUIREMENT_PLOT_DISTRICT_TYPE_MATCHES', 1 ),
		( 'REQUIRES_DISTRICT_IS_NOT_WORLD_WONDER_BBG', 'REQUIREMENT_PLOT_DISTRICT_TYPE_MATCHES', 1 );
INSERT INTO RequirementArguments ( RequirementId, Name, Value )
	VALUES
		( 'REQUIRES_DISTRICT_IS_NOT_CITY_CENTER_BBG', 'DistrictType', 'DISTRICT_CITY_CENTER' ),
		( 'REQUIRES_DISTRICT_IS_NOT_AQUEDUCT_BBG', 'DistrictType', 'DISTRICT_AQUEDUCT' ),
		( 'REQUIRES_DISTRICT_IS_NOT_CANAL_BBG', 'DistrictType', 'DISTRICT_CANAL' ),
		( 'REQUIRES_DISTRICT_IS_NOT_DAM_BBG', 'DistrictType', 'DISTRICT_DAM' ),
		( 'REQUIRES_DISTRICT_IS_NOT_NEIGHBORHOOD_BBG', 'DistrictType', 'DISTRICT_NEIGHBORHOOD' ),
		( 'REQUIRES_DISTRICT_IS_NOT_SPACEPORT_BBG', 'DistrictType', 'DISTRICT_SPACEPORT' ),
		( 'REQUIRES_DISTRICT_IS_NOT_WORLD_WONDER_BBG', 'DistrictType', 'DISTRICT_WONDER' );
INSERT INTO RequirementSets ( RequirementSetId, RequirementSetType )
	VALUES ( 'SPECIAL_DISTRICT_ON_COAST_BBG', 'REQUIREMENTSET_TEST_ALL' );
INSERT INTO RequirementSetRequirements ( RequirementSetId, RequirementId )
	VALUES
		( 'SPECIAL_DISTRICT_ON_COAST_BBG', 'REQUIRES_PLOT_IS_ADJACENT_TO_COAST' ),
		( 'SPECIAL_DISTRICT_ON_COAST_BBG', 'REQUIRES_DISTRICT_IS_NOT_CITY_CENTER_BBG' ),
		( 'SPECIAL_DISTRICT_ON_COAST_BBG', 'REQUIRES_DISTRICT_IS_NOT_AQUEDUCT_BBG' ),
		( 'SPECIAL_DISTRICT_ON_COAST_BBG', 'REQUIRES_DISTRICT_IS_NOT_CANAL_BBG' ),
		( 'SPECIAL_DISTRICT_ON_COAST_BBG', 'REQUIRES_DISTRICT_IS_NOT_DAM_BBG' ),
		( 'SPECIAL_DISTRICT_ON_COAST_BBG', 'REQUIRES_DISTRICT_IS_NOT_NEIGHBORHOOD_BBG' ),
		( 'SPECIAL_DISTRICT_ON_COAST_BBG', 'REQUIRES_DISTRICT_IS_NOT_SPACEPORT_BBG' ),
		( 'SPECIAL_DISTRICT_ON_COAST_BBG', 'REQUIRES_DISTRICT_IS_NOT_WORLD_WONDER_BBG' );
UPDATE Modifiers SET SubjectRequirementSetId='SPECIAL_DISTRICT_ON_COAST_BBG' WHERE ModifierId='MINOR_CIV_NAN_MADOL_DISTRICTS_CULTURE_BONUS';
-- Nan madol nerf to +1 culture.
UPDATE ModifierArguments SET Value='1' WHERE ModifierId='MINOR_CIV_NAN_MADOL_DISTRICTS_CULTURE_BONUS' AND Name='Amount';
-- +1 culture once exploration reach
INSERT INTO TraitModifiers(TraitType, ModifierId) VALUES
    ('MINOR_CIV_NAN_MADOL_TRAIT', 'BBG_NAN_MADOL_UNIQUE_INFLUENCE_EXPLORATION_MODIFIER');
INSERT INTO Modifiers(ModifierId, ModifierType, SubjectRequirementSetId) VALUES
    ('BBG_NAN_MADOL_UNIQUE_INFLUENCE_EXPLORATION_MODIFIER', 'MODIFIER_ALL_PLAYERS_ATTACH_MODIFIER', 'BBG_NAN_MADOL_UNIQUE_INFLUENCE_EXPLORATION_REQUIREMENTS'),
    ('BBG_NAN_MADOL_EXPLORATION_BONUS_MODIFIER', 'MODIFIER_PLAYER_DISTRICTS_ADJUST_YIELD_CHANGE', 'SPECIAL_DISTRICT_ON_COAST_BBG');
INSERT INTO ModifierArguments(ModifierId, Name, Value) VALUES
    ('BBG_NAN_MADOL_UNIQUE_INFLUENCE_EXPLORATION_MODIFIER', 'ModifierId', 'BBG_NAN_MADOL_EXPLORATION_BONUS_MODIFIER'),
    ('BBG_NAN_MADOL_EXPLORATION_BONUS_MODIFIER', 'YieldType', 'YIELD_CULTURE'),
    ('BBG_NAN_MADOL_EXPLORATION_BONUS_MODIFIER', 'Amount', '1');
INSERT INTO RequirementSets('RequirementSetId', 'RequirementSetType') VALUES
    ('BBG_NAN_MADOL_UNIQUE_INFLUENCE_EXPLORATION_REQUIREMENTS', 'REQUIREMENTSET_TEST_ALL');
INSERT INTO RequirementSetRequirements(RequirementSetId, RequirementId) VALUES
    ('BBG_NAN_MADOL_UNIQUE_INFLUENCE_EXPLORATION_REQUIREMENTS', 'REQUIRES_PLAYER_IS_SUZERAIN'),
    ('BBG_NAN_MADOL_UNIQUE_INFLUENCE_EXPLORATION_REQUIREMENTS', 'BBG_PLAYER_HAS_EXPLORATION_CIVIC');
INSERT INTO Requirements(RequirementId, RequirementType) VALUES
    ('BBG_PLAYER_HAS_EXPLORATION_CIVIC', 'REQUIREMENT_PLAYER_HAS_CIVIC');
INSERT INTO RequirementArguments(RequirementId, Name, Value) VALUES
    ('BBG_PLAYER_HAS_EXPLORATION_CIVIC', 'CivicType', 'CIVIC_EXPLORATION');

--==============================================================
--******				CULTURE VICTORIES				  ******
--==============================================================
-- moon landing worth 5x science in culture instead of 10x
UPDATE ModifierArguments SET Value='5' WHERE ModifierId='PROJECT_COMPLETION_GRANT_CULTURE_BASED_ON_SCIENCE_RATE' AND Name='Multiplier';
-- computers and environmentalism tourism boosts to 50% (from 25%)
UPDATE ModifierArguments SET Value='50' WHERE ModifierId='COMPUTERS_BOOST_ALL_TOURISM';
UPDATE ModifierArguments SET Value='50' WHERE ModifierId='ENVIRONMENTALISM_BOOST_ALL_TOURISM'; 
-- base wonder tourism adjusted to 5
UPDATE GlobalParameters SET Value='5' WHERE Name='TOURISM_BASE_FROM_WONDER';
-- Reduce amount of tourism needed for foreign tourist from 200 to 150
UPDATE GlobalParameters SET Value='150' WHERE Name='TOURISM_TOURISM_TO_MOVE_CITIZEN';
-- lower number of turns to move greatworks between cities
UPDATE GlobalParameters SET Value='2' WHERE Name='GREATWORK_ART_LOCK_TIME';
-- relics give 4 tourism instead of 8
UPDATE GreatWorks SET Tourism=4 WHERE GreatWorkObjectType='GREATWORKOBJECT_RELIC';
-- fix same artist, same archelogist culture and tourism from bing 1 and 1 to being default numbers
UPDATE Building_GreatWorks SET NonUniquePersonYield=4 WHERE BuildingType='BUILDING_HERMITAGE';
UPDATE Building_GreatWorks SET NonUniquePersonTourism=4 WHERE BuildingType='BUILDING_HERMITAGE';
UPDATE Building_GreatWorks SET NonUniquePersonYield=4 WHERE BuildingType='BUILDING_MUSEUM_ART';
UPDATE Building_GreatWorks SET NonUniquePersonTourism=4 WHERE BuildingType='BUILDING_MUSEUM_ART';
UPDATE Building_GreatWorks SET NonUniquePersonYield=6 WHERE BuildingType='BUILDING_MUSEUM_ARTIFACT';
UPDATE Building_GreatWorks SET NonUniquePersonTourism=6 WHERE BuildingType='BUILDING_MUSEUM_ARTIFACT';
-- books give 4 culture and 2 tourism each (8 and 4 for each great person)
UPDATE GreatWork_YieldChanges SET YieldChange=4 WHERE YieldChange=2;
-- artworks give 4 culture and 4 tourism instead of 3 and 2 ( 12/12 for each GP)
-- artifacts give 6 culture and 6 tourism instead of 3 and 3 ( 18/18 for each GP)
UPDATE GreatWorks SET Tourism=4 WHERE GreatWorkObjectType='GREATWORKOBJECT_RELIGIOUS';
UPDATE GreatWorks SET Tourism=4 WHERE GreatWorkObjectType='GREATWORKOBJECT_SCULPTURE';
UPDATE GreatWorks SET Tourism=4 WHERE GreatWorkObjectType='GREATWORKOBJECT_LANDSCAPE';
UPDATE GreatWorks SET Tourism=4 WHERE GreatWorkObjectType='GREATWORKOBJECT_PORTRAIT';
UPDATE GreatWorks SET Tourism=6 WHERE GreatWorkObjectType='GREATWORKOBJECT_ARTIFACT';
UPDATE GreatWork_YieldChanges SET YieldChange=4 WHERE GreatWorkType='GREATWORK_RUBLEV_1';
UPDATE GreatWork_YieldChanges SET YieldChange=4 WHERE GreatWorkType='GREATWORK_RUBLEV_2';
UPDATE GreatWork_YieldChanges SET YieldChange=4 WHERE GreatWorkType='GREATWORK_RUBLEV_3';
UPDATE GreatWork_YieldChanges SET YieldChange=4 WHERE GreatWorkType='GREATWORK_BOSCH_1';
UPDATE GreatWork_YieldChanges SET YieldChange=4 WHERE GreatWorkType='GREATWORK_BOSCH_2';
UPDATE GreatWork_YieldChanges SET YieldChange=4 WHERE GreatWorkType='GREATWORK_BOSCH_3';
UPDATE GreatWork_YieldChanges SET YieldChange=4 WHERE GreatWorkType='GREATWORK_DONATELLO_1';
UPDATE GreatWork_YieldChanges SET YieldChange=4 WHERE GreatWorkType='GREATWORK_DONATELLO_2';
UPDATE GreatWork_YieldChanges SET YieldChange=4 WHERE GreatWorkType='GREATWORK_DONATELLO_3';
UPDATE GreatWork_YieldChanges SET YieldChange=4 WHERE GreatWorkType='GREATWORK_MICHELANGELO_1';
UPDATE GreatWork_YieldChanges SET YieldChange=4 WHERE GreatWorkType='GREATWORK_MICHELANGELO_2';
UPDATE GreatWork_YieldChanges SET YieldChange=4 WHERE GreatWorkType='GREATWORK_MICHELANGELO_3';
UPDATE GreatWork_YieldChanges SET YieldChange=4 WHERE GreatWorkType='GREATWORK_YING_1';
UPDATE GreatWork_YieldChanges SET YieldChange=4 WHERE GreatWorkType='GREATWORK_YING_2';
UPDATE GreatWork_YieldChanges SET YieldChange=4 WHERE GreatWorkType='GREATWORK_YING_3';
UPDATE GreatWork_YieldChanges SET YieldChange=4 WHERE GreatWorkType='GREATWORK_TITIAN_1';
UPDATE GreatWork_YieldChanges SET YieldChange=4 WHERE GreatWorkType='GREATWORK_TITIAN_2';
UPDATE GreatWork_YieldChanges SET YieldChange=4 WHERE GreatWorkType='GREATWORK_TITIAN_3';
UPDATE GreatWork_YieldChanges SET YieldChange=4 WHERE GreatWorkType='GREATWORK_GRECO_1';
UPDATE GreatWork_YieldChanges SET YieldChange=4 WHERE GreatWorkType='GREATWORK_GRECO_2';
UPDATE GreatWork_YieldChanges SET YieldChange=4 WHERE GreatWorkType='GREATWORK_GRECO_3';
UPDATE GreatWork_YieldChanges SET YieldChange=4 WHERE GreatWorkType='GREATWORK_REMBRANDT_1';
UPDATE GreatWork_YieldChanges SET YieldChange=4 WHERE GreatWorkType='GREATWORK_REMBRANDT_2';
UPDATE GreatWork_YieldChanges SET YieldChange=4 WHERE GreatWorkType='GREATWORK_REMBRANDT_3';
UPDATE GreatWork_YieldChanges SET YieldChange=4 WHERE GreatWorkType='GREATWORK_ANGUISSOLA_1';
UPDATE GreatWork_YieldChanges SET YieldChange=4 WHERE GreatWorkType='GREATWORK_ANGUISSOLA_2';
UPDATE GreatWork_YieldChanges SET YieldChange=4 WHERE GreatWorkType='GREATWORK_ANGUISSOLA_3';
UPDATE GreatWork_YieldChanges SET YieldChange=4 WHERE GreatWorkType='GREATWORK_KAUFFMAN_1';
UPDATE GreatWork_YieldChanges SET YieldChange=4 WHERE GreatWorkType='GREATWORK_KAUFFMAN_2';
UPDATE GreatWork_YieldChanges SET YieldChange=4 WHERE GreatWorkType='GREATWORK_KAUFFMAN_3';
UPDATE GreatWork_YieldChanges SET YieldChange=4 WHERE GreatWorkType='GREATWORK_HOKUSAI_1';
UPDATE GreatWork_YieldChanges SET YieldChange=4 WHERE GreatWorkType='GREATWORK_HOKUSAI_2';
UPDATE GreatWork_YieldChanges SET YieldChange=4 WHERE GreatWorkType='GREATWORK_HOKUSAI_3';
UPDATE GreatWork_YieldChanges SET YieldChange=4 WHERE GreatWorkType='GREATWORK_EOP_1';
UPDATE GreatWork_YieldChanges SET YieldChange=4 WHERE GreatWorkType='GREATWORK_EOP_2';
UPDATE GreatWork_YieldChanges SET YieldChange=4 WHERE GreatWorkType='GREATWORK_EOP_3';
UPDATE GreatWork_YieldChanges SET YieldChange=4 WHERE GreatWorkType='GREATWORK_GOGH_1';
UPDATE GreatWork_YieldChanges SET YieldChange=4 WHERE GreatWorkType='GREATWORK_GOGH_2';
UPDATE GreatWork_YieldChanges SET YieldChange=4 WHERE GreatWorkType='GREATWORK_GOGH_3';
UPDATE GreatWork_YieldChanges SET YieldChange=4 WHERE GreatWorkType='GREATWORK_LEWIS_1';
UPDATE GreatWork_YieldChanges SET YieldChange=4 WHERE GreatWorkType='GREATWORK_LEWIS_2';
UPDATE GreatWork_YieldChanges SET YieldChange=4 WHERE GreatWorkType='GREATWORK_LEWIS_3';
UPDATE GreatWork_YieldChanges SET YieldChange=4 WHERE GreatWorkType='GREATWORK_COLLOT_1';
UPDATE GreatWork_YieldChanges SET YieldChange=4 WHERE GreatWorkType='GREATWORK_COLLOT_2';
UPDATE GreatWork_YieldChanges SET YieldChange=4 WHERE GreatWorkType='GREATWORK_COLLOT_3';
UPDATE GreatWork_YieldChanges SET YieldChange=4 WHERE GreatWorkType='GREATWORK_MONET_1';
UPDATE GreatWork_YieldChanges SET YieldChange=4 WHERE GreatWorkType='GREATWORK_MONET_2';
UPDATE GreatWork_YieldChanges SET YieldChange=4 WHERE GreatWorkType='GREATWORK_MONET_3';
UPDATE GreatWork_YieldChanges SET YieldChange=4 WHERE GreatWorkType='GREATWORK_ORLOVSKY_1';
UPDATE GreatWork_YieldChanges SET YieldChange=4 WHERE GreatWorkType='GREATWORK_ORLOVSKY_2';
UPDATE GreatWork_YieldChanges SET YieldChange=4 WHERE GreatWorkType='GREATWORK_ORLOVSKY_3';
UPDATE GreatWork_YieldChanges SET YieldChange=4 WHERE GreatWorkType='GREATWORK_KLIMT_1';
UPDATE GreatWork_YieldChanges SET YieldChange=4 WHERE GreatWorkType='GREATWORK_KLIMT_2';
UPDATE GreatWork_YieldChanges SET YieldChange=4 WHERE GreatWorkType='GREATWORK_KLIMT_3';
UPDATE GreatWork_YieldChanges SET YieldChange=4 WHERE GreatWorkType='GREATWORK_GIL_1';
UPDATE GreatWork_YieldChanges SET YieldChange=4 WHERE GreatWorkType='GREATWORK_GIL_2';
UPDATE GreatWork_YieldChanges SET YieldChange=4 WHERE GreatWorkType='GREATWORK_GIL_3';
UPDATE GreatWork_YieldChanges SET YieldChange=4 WHERE GreatWorkType='GREATWORK_CASSATT_1';
UPDATE GreatWork_YieldChanges SET YieldChange=4 WHERE GreatWorkType='GREATWORK_CASSATT_2';
UPDATE GreatWork_YieldChanges SET YieldChange=4 WHERE GreatWorkType='GREATWORK_CASSATT_3';
UPDATE GreatWork_YieldChanges SET YieldChange=6 WHERE GreatWorkType='GREATWORK_ARTIFACT_1';
UPDATE GreatWork_YieldChanges SET YieldChange=6 WHERE GreatWorkType='GREATWORK_ARTIFACT_2';
UPDATE GreatWork_YieldChanges SET YieldChange=6 WHERE GreatWorkType='GREATWORK_ARTIFACT_3';
UPDATE GreatWork_YieldChanges SET YieldChange=6 WHERE GreatWorkType='GREATWORK_ARTIFACT_4';
UPDATE GreatWork_YieldChanges SET YieldChange=6 WHERE GreatWorkType='GREATWORK_ARTIFACT_5';
UPDATE GreatWork_YieldChanges SET YieldChange=6 WHERE GreatWorkType='GREATWORK_ARTIFACT_6';
UPDATE GreatWork_YieldChanges SET YieldChange=6 WHERE GreatWorkType='GREATWORK_ARTIFACT_7';
UPDATE GreatWork_YieldChanges SET YieldChange=6 WHERE GreatWorkType='GREATWORK_ARTIFACT_8';
UPDATE GreatWork_YieldChanges SET YieldChange=6 WHERE GreatWorkType='GREATWORK_ARTIFACT_9';
UPDATE GreatWork_YieldChanges SET YieldChange=6 WHERE GreatWorkType='GREATWORK_ARTIFACT_10';
UPDATE GreatWork_YieldChanges SET YieldChange=6 WHERE GreatWorkType='GREATWORK_ARTIFACT_11';
UPDATE GreatWork_YieldChanges SET YieldChange=6 WHERE GreatWorkType='GREATWORK_ARTIFACT_12';
UPDATE GreatWork_YieldChanges SET YieldChange=6 WHERE GreatWorkType='GREATWORK_ARTIFACT_13';
UPDATE GreatWork_YieldChanges SET YieldChange=6 WHERE GreatWorkType='GREATWORK_ARTIFACT_14';
UPDATE GreatWork_YieldChanges SET YieldChange=6 WHERE GreatWorkType='GREATWORK_ARTIFACT_15';
UPDATE GreatWork_YieldChanges SET YieldChange=6 WHERE GreatWorkType='GREATWORK_ARTIFACT_16';
UPDATE GreatWork_YieldChanges SET YieldChange=6 WHERE GreatWorkType='GREATWORK_ARTIFACT_17';
UPDATE GreatWork_YieldChanges SET YieldChange=6 WHERE GreatWorkType='GREATWORK_ARTIFACT_18';
UPDATE GreatWork_YieldChanges SET YieldChange=6 WHERE GreatWorkType='GREATWORK_ARTIFACT_19';
UPDATE GreatWork_YieldChanges SET YieldChange=6 WHERE GreatWorkType='GREATWORK_ARTIFACT_20';
UPDATE GreatWork_YieldChanges SET YieldChange=6 WHERE GreatWorkType='GREATWORK_ARTIFACT_21';
UPDATE GreatWork_YieldChanges SET YieldChange=6 WHERE GreatWorkType='GREATWORK_ARTIFACT_22';
UPDATE GreatWork_YieldChanges SET YieldChange=6 WHERE GreatWorkType='GREATWORK_ARTIFACT_23';
UPDATE GreatWork_YieldChanges SET YieldChange=6 WHERE GreatWorkType='GREATWORK_ARTIFACT_24';
UPDATE GreatWork_YieldChanges SET YieldChange=6 WHERE GreatWorkType='GREATWORK_ARTIFACT_25';
-- music gives 12 culture and 8 tourism instead of 4 and 4 (24/16 per GP)
UPDATE GreatWorks SET Tourism=8 WHERE GreatWorkObjectType='GREATWORKOBJECT_MUSIC';
UPDATE GreatWork_YieldChanges SET YieldChange='12' WHERE GreatWorkType='GREATWORK_BEETHOVEN_1';
UPDATE GreatWork_YieldChanges SET YieldChange='12' WHERE GreatWorkType='GREATWORK_BEETHOVEN_2';
UPDATE GreatWork_YieldChanges SET YieldChange='12' WHERE GreatWorkType='GREATWORK_BACH_1';
UPDATE GreatWork_YieldChanges SET YieldChange='12' WHERE GreatWorkType='GREATWORK_BACH_2';
UPDATE GreatWork_YieldChanges SET YieldChange='12' WHERE GreatWorkType='GREATWORK_MOZART_1';
UPDATE GreatWork_YieldChanges SET YieldChange='12' WHERE GreatWorkType='GREATWORK_MOZART_2';
UPDATE GreatWork_YieldChanges SET YieldChange='12' WHERE GreatWorkType='GREATWORK_VIVALDI_1';
UPDATE GreatWork_YieldChanges SET YieldChange='12' WHERE GreatWorkType='GREATWORK_VIVALDI_2';
UPDATE GreatWork_YieldChanges SET YieldChange='12' WHERE GreatWorkType='GREATWORK_KENGYO_1';
UPDATE GreatWork_YieldChanges SET YieldChange='12' WHERE GreatWorkType='GREATWORK_KENGYO_2';
UPDATE GreatWork_YieldChanges SET YieldChange='12' WHERE GreatWorkType='GREATWORK_GOMEZ_1';
UPDATE GreatWork_YieldChanges SET YieldChange='12' WHERE GreatWorkType='GREATWORK_GOMEZ_2';
UPDATE GreatWork_YieldChanges SET YieldChange='12' WHERE GreatWorkType='GREATWORK_LISZT_1';
UPDATE GreatWork_YieldChanges SET YieldChange='12' WHERE GreatWorkType='GREATWORK_LISZT_2';
UPDATE GreatWork_YieldChanges SET YieldChange='12' WHERE GreatWorkType='GREATWORK_CHOPIN_1';
UPDATE GreatWork_YieldChanges SET YieldChange='12' WHERE GreatWorkType='GREATWORK_CHOPIN_2';
UPDATE GreatWork_YieldChanges SET YieldChange='12' WHERE GreatWorkType='GREATWORK_TCHAIKOVSKY_1';
UPDATE GreatWork_YieldChanges SET YieldChange='12' WHERE GreatWorkType='GREATWORK_TCHAIKOVSKY_2';
UPDATE GreatWork_YieldChanges SET YieldChange='12' WHERE GreatWorkType='GREATWORK_TIANHUA_1';
UPDATE GreatWork_YieldChanges SET YieldChange='12' WHERE GreatWorkType='GREATWORK_TIANHUA_2';
UPDATE GreatWork_YieldChanges SET YieldChange='12' WHERE GreatWorkType='GREATWORK_DVORAK_1';
UPDATE GreatWork_YieldChanges SET YieldChange='12' WHERE GreatWorkType='GREATWORK_DVORAK_2';
UPDATE GreatWork_YieldChanges SET YieldChange='12' WHERE GreatWorkType='GREATWORK_SCHUMANN_1';
UPDATE GreatWork_YieldChanges SET YieldChange='12' WHERE GreatWorkType='GREATWORK_SCHUMANN_2';
UPDATE GreatWork_YieldChanges SET YieldChange='12' WHERE GreatWorkType='GREATWORK_ROSAS_1';
UPDATE GreatWork_YieldChanges SET YieldChange='12' WHERE GreatWorkType='GREATWORK_ROSAS_2';
UPDATE GreatWork_YieldChanges SET YieldChange='12' WHERE GreatWorkType='GREATWORK_LILIUOKALANI_1';
UPDATE GreatWork_YieldChanges SET YieldChange='12' WHERE GreatWorkType='GREATWORK_LILIUOKALANI_2';
UPDATE GreatWork_YieldChanges SET YieldChange='12' WHERE GreatWorkType='GREATWORK_JAAN_1';
UPDATE GreatWork_YieldChanges SET YieldChange='12' WHERE GreatWorkType='GREATWORK_JAAN_2';
UPDATE GreatWork_YieldChanges SET YieldChange='12' WHERE GreatWorkType='GREATWORK_LEONTOVYCH_1';
UPDATE GreatWork_YieldChanges SET YieldChange='12' WHERE GreatWorkType='GREATWORK_LEONTOVYCH_2';

--==============================================================
--******			  	   GOVERNMENTS				  	  ******
--==============================================================
-- fascism attack bonus works on defense now too
UPDATE Modifiers SET SubjectRequirementSetId=NULL WHERE ModifierId='FASCISM_ATTACK_BUFF';
UPDATE Modifiers SET SubjectRequirementSetId=NULL WHERE ModifierId='FASCISM_LEGACY_ATTACK_BUFF';

--==============================================================
--******			 	  GREAT PEOPLE  				  ******
--==============================================================
UPDATE GreatPersonIndividuals SET ActionCharges=1 WHERE GreatPersonIndividualType='GREAT_PERSON_INDIVIDUAL_IMHOTEP';

--==============================================================
--******				   PANTHEONS					  ******
--==============================================================
-- religious settlements more border growth since settler removed
UPDATE ModifierArguments SET Value='50' WHERE ModifierId='RELIGIOUS_SETTLEMENTS_CULTUREBORDER';
-- river goddess +2 HS adj on rivers, -1 housing and -1 amentiy tho
UPDATE ModifierArguments SET Value='1' WHERE ModifierId='RIVER_GODDESS_HOLY_SITE_HOUSING_MODIFIER' AND Name='Amount';
UPDATE ModifierArguments SET Value='1' WHERE ModifierId='RIVER_GODDESS_HOLY_SITE_AMENITIES_MODIFIER' AND Name='Amount';
INSERT INTO Modifiers (ModifierId , ModifierType, SubjectRequirementSetId)
	VALUES ('RIVER_GODDESS_HOLY_SITE_FAITH_BBG' , 'MODIFIER_ALL_PLAYERS_ATTACH_MODIFIER', 'PLAYER_HAS_PANTHEON_REQUIREMENTS');
INSERT INTO Modifiers (ModifierId , ModifierType)
	VALUES ('RIVER_GODDESS_HOLY_SITE_FAITH_MODIFIER_BBG' , 'MODIFIER_PLAYER_CITIES_RIVER_ADJACENCY');
INSERT INTO ModifierArguments (ModifierId , Name , Value) VALUES
('RIVER_GODDESS_HOLY_SITE_FAITH_BBG', 'ModifierId', 'RIVER_GODDESS_HOLY_SITE_FAITH_MODIFIER_BBG'),
('RIVER_GODDESS_HOLY_SITE_FAITH_MODIFIER_BBG' , 'Amount' , '2'),
('RIVER_GODDESS_HOLY_SITE_FAITH_MODIFIER_BBG' , 'DistrictType' , 'DISTRICT_HOLY_SITE'),
('RIVER_GODDESS_HOLY_SITE_FAITH_MODIFIER_BBG' , 'YieldType' , 'YIELD_FAITH'),
('RIVER_GODDESS_HOLY_SITE_FAITH_MODIFIER_BBG' , 'Description' , 'LOC_DISTRICT_HOLY_SITE_RIVER_FAITH');
INSERT INTO BeliefModifiers VALUES
	('BELIEF_RIVER_GODDESS', 'RIVER_GODDESS_HOLY_SITE_FAITH_BBG');
-- city patron buff
UPDATE ModifierArguments SET Value='50' WHERE ModifierId='CITY_PATRON_GODDESS_DISTRICT_PRODUCTION_MODIFIER' AND Name='Amount';
-- Dance of Aurora yields reduced... only work for flat tundra
UPDATE ModifierArguments SET Value='0' WHERE ModifierId='DANCE_OF_THE_AURORA_FAITHTUNDRAHILLSADJACENCY' AND Name='Amount';
-- stone circles -1 faith and +1 prod
UPDATE ModifierArguments SET Value='1' WHERE ModifierId='STONE_CIRCLES_QUARRY_FAITH_MODIFIER' and Name='Amount';
INSERT INTO Modifiers (ModifierId, ModifierType, SubjectRequirementSetId) VALUES
	('STONE_CIRCLES_QUARRY_PROD_BBG', 'MODIFIER_ALL_CITIES_ATTACH_MODIFIER', 'CITY_FOLLOWS_PANTHEON_REQUIREMENTS'),
	('STONE_CIRCLES_QUARRY_PROD_MODIFIER_BBG', 'MODIFIER_CITY_PLOT_YIELDS_ADJUST_PLOT_YIELD', 'PLOT_HAS_QUARRY_REQUIREMENTS');
INSERT INTO ModifierArguments (ModifierId, Name, Value) VALUES
	('STONE_CIRCLES_QUARRY_PROD_BBG', 'ModifierId', 'STONE_CIRCLES_QUARRY_PROD_MODIFIER_BBG'),
	('STONE_CIRCLES_QUARRY_PROD_MODIFIER_BBG', 'YieldType', 'YIELD_PRODUCTION'),
	('STONE_CIRCLES_QUARRY_PROD_MODIFIER_BBG', 'Amount', '1');
INSERT INTO BeliefModifiers (BeliefType, ModifierID) VALUES
	('BELIEF_STONE_CIRCLES', 'STONE_CIRCLES_QUARRY_PROD_BBG');
-- religious idols +2 gold
INSERT INTO Modifiers (ModifierId, ModifierType, SubjectRequirementSetId) VALUES
	('RELIGIOUS_IDOLS_BONUS_MINE_GOLD_BBG', 'MODIFIER_ALL_CITIES_ATTACH_MODIFIER', 'CITY_FOLLOWS_PANTHEON_REQUIREMENTS'),
	('RELIGIOUS_IDOLS_LUXURY_MINE_GOLD_BBG', 'MODIFIER_ALL_CITIES_ATTACH_MODIFIER', 'CITY_FOLLOWS_PANTHEON_REQUIREMENTS'),
	('RELIGIOUS_IDOLS_BONUS_MINE_GOLD_MODIFIER_BBG', 'MODIFIER_CITY_PLOT_YIELDS_ADJUST_PLOT_YIELD', 'PLOT_HAS_BONUS_MINE_REQUIREMENTS'),
	('RELIGIOUS_IDOLS_LUXURY_MINE_GOLD_MODIFIER_BBG', 'MODIFIER_CITY_PLOT_YIELDS_ADJUST_PLOT_YIELD', 'PLOT_HAS_LUXURY_MINE_REQUIREMENTS');
INSERT INTO ModifierArguments (ModifierId, Name, Value) VALUES
	('RELIGIOUS_IDOLS_BONUS_MINE_GOLD_BBG', 'ModifierId', 'RELIGIOUS_IDOLS_BONUS_MINE_GOLD_MODIFIER_BBG'),
	('RELIGIOUS_IDOLS_BONUS_MINE_GOLD_MODIFIER_BBG', 'Amount', '3'),
	('RELIGIOUS_IDOLS_BONUS_MINE_GOLD_MODIFIER_BBG', 'YieldType', 'YIELD_GOLD'),
	('RELIGIOUS_IDOLS_LUXURY_MINE_GOLD_BBG', 'ModifierId', 'RELIGIOUS_IDOLS_LUXURY_MINE_GOLD_MODIFIER_BBG'),
	('RELIGIOUS_IDOLS_LUXURY_MINE_GOLD_MODIFIER_BBG', 'Amount', '3'),
	('RELIGIOUS_IDOLS_LUXURY_MINE_GOLD_MODIFIER_BBG', 'YieldType', 'YIELD_GOLD');
INSERT INTO BeliefModifiers VALUES
	('BELIEF_RELIGIOUS_IDOLS', 'RELIGIOUS_IDOLS_BONUS_MINE_GOLD_BBG'),
	('BELIEF_RELIGIOUS_IDOLS', 'RELIGIOUS_IDOLS_LUXURY_MINE_GOLD_BBG');
-- Monument to the Gods affects all wonders... not just Ancient and Classical Era
UPDATE ModifierArguments SET Value='ERA_INFORMATION' WHERE ModifierId='MONUMENT_TO_THE_GODS_ANCIENTCLASSICALWONDER_MODIFIER' AND Name='EndEra';
-- God of War now God of War and Plunder (similar to divine spark)
DELETE FROM BeliefModifiers WHERE BeliefType='BELIEF_GOD_OF_WAR';
INSERT INTO Modifiers  ( ModifierId , ModifierType , SubjectRequirementSetId )
	VALUES
	( 'GOD_OF_WAR_AND_PLUNDER_COMHUB' , 'MODIFIER_ALL_CITIES_ATTACH_MODIFIER' , 'CITY_FOLLOWS_PANTHEON_REQUIREMENTS' ),
	( 'GOD_OF_WAR_AND_PLUNDER_HARBOR' , 'MODIFIER_ALL_CITIES_ATTACH_MODIFIER' , 'CITY_FOLLOWS_PANTHEON_REQUIREMENTS' ),
	( 'GOD_OF_WAR_AND_PLUNDER_ENCAMP' , 'MODIFIER_ALL_CITIES_ATTACH_MODIFIER' , 'CITY_FOLLOWS_PANTHEON_REQUIREMENTS' ),
	( 'GOD_OF_WAR_AND_PLUNDER_COMHUB_MODIFIER' , 'MODIFIER_SINGLE_CITY_DISTRICTS_ADJUST_GREAT_PERSON_POINTS' , 'DISTRICT_IS_COMMERCIAL_HUB' ),
	( 'GOD_OF_WAR_AND_PLUNDER_HARBOR_MODIFIER' , 'MODIFIER_SINGLE_CITY_DISTRICTS_ADJUST_GREAT_PERSON_POINTS' , 'DISTRICT_IS_HARBOR' 		),
	( 'GOD_OF_WAR_AND_PLUNDER_ENCAMP_MODIFIER' , 'MODIFIER_SINGLE_CITY_DISTRICTS_ADJUST_GREAT_PERSON_POINTS' , 'DISTRICT_IS_ENCAMPMENT' 	);
INSERT INTO ModifierArguments ( ModifierId , Name , Type , Value )
	VALUES
	( 'GOD_OF_WAR_AND_PLUNDER_COMHUB' , 'ModifierId' , 'ARGTYPE_IDENTITY' , 'GOD_OF_WAR_AND_PLUNDER_COMHUB_MODIFIER' ),
	( 'GOD_OF_WAR_AND_PLUNDER_HARBOR' , 'ModifierId' , 'ARGTYPE_IDENTITY' , 'GOD_OF_WAR_AND_PLUNDER_HARBOR_MODIFIER' ),
	( 'GOD_OF_WAR_AND_PLUNDER_ENCAMP' , 'ModifierId' , 'ARGTYPE_IDENTITY' , 'GOD_OF_WAR_AND_PLUNDER_ENCAMP_MODIFIER' ),
	( 'GOD_OF_WAR_AND_PLUNDER_COMHUB_MODIFIER' , 'GreatPersonClassType' , 'ARGTYPE_IDENTITY' , 'GREAT_PERSON_CLASS_MERCHANT' ),
	( 'GOD_OF_WAR_AND_PLUNDER_HARBOR_MODIFIER' , 'GreatPersonClassType' , 'ARGTYPE_IDENTITY' , 'GREAT_PERSON_CLASS_ADMIRAL'  ),
	( 'GOD_OF_WAR_AND_PLUNDER_ENCAMP_MODIFIER' , 'GreatPersonClassType' , 'ARGTYPE_IDENTITY' , 'GREAT_PERSON_CLASS_GENERAL'  ),
	( 'GOD_OF_WAR_AND_PLUNDER_COMHUB_MODIFIER' , 'Amount' , 'ARGTYPE_IDENTITY' , '1' ),
	( 'GOD_OF_WAR_AND_PLUNDER_HARBOR_MODIFIER' , 'Amount' , 'ARGTYPE_IDENTITY' , '1' ),
	( 'GOD_OF_WAR_AND_PLUNDER_ENCAMP_MODIFIER' , 'Amount' , 'ARGTYPE_IDENTITY' , '1' );
INSERT INTO BeliefModifiers ( BeliefType , ModifierId )
	VALUES
	( 'BELIEF_GOD_OF_WAR' , 'GOD_OF_WAR_AND_PLUNDER_COMHUB' ),
	( 'BELIEF_GOD_OF_WAR' , 'GOD_OF_WAR_AND_PLUNDER_HARBOR' ),
	( 'BELIEF_GOD_OF_WAR' , 'GOD_OF_WAR_AND_PLUNDER_ENCAMP' );
-- Divine spark +1 engineer
INSERT INTO Modifiers(ModifierId, ModifierType, SubjectRequirementSetId) VALUES
    ('BBG_DIVINE_SPARK_ENGINEER', 'MODIFIER_ALL_CITIES_ATTACH_MODIFIER', 'CITY_FOLLOWS_PANTHEON_REQUIREMENTS'),
    ('BBG_DIVINE_SPARK_ENGINEER_MODIFIER', 'MODIFIER_SINGLE_CITY_ADJUST_GREAT_PERSON_POINT', 'BUILDING_IS_WORKSHOP');
INSERT INTO ModifierArguments(ModifierId, Name, Value) VALUES
    ('BBG_DIVINE_SPARK_ENGINEER', 'ModifierId', 'BBG_DIVINE_SPARK_ENGINEER_MODIFIER'),
    ('BBG_DIVINE_SPARK_ENGINEER_MODIFIER', 'GreatPersonClassType', 'GREAT_PERSON_CLASS_ENGINEER'),
    ('BBG_DIVINE_SPARK_ENGINEER_MODIFIER', 'Amount', '1');
INSERT INTO BeliefModifiers(BeliefType, ModifierID) VALUES
    ('BELIEF_DIVINE_SPARK', 'BBG_DIVINE_SPARK_ENGINEER');
-- Fertility Rites gives +1 food for rice and wheat and cattle
INSERT INTO Tags
	(Tag, Vocabulary)
	VALUES 
	('CLASS_FERTILITY_RITES_FOOD', 'RESOURCE_CLASS');
INSERT INTO TypeTags 
	(Type, Tag)
	VALUES
	('RESOURCE_WHEAT', 'CLASS_FERTILITY_RITES_FOOD'),
	('RESOURCE_CATTLE', 'CLASS_FERTILITY_RITES_FOOD'),
	('RESOURCE_RICE', 'CLASS_FERTILITY_RITES_FOOD');
INSERT INTO Modifiers 
	(ModifierId, ModifierType, SubjectRequirementSetId)
	VALUES
	('FERTILITY_RITES_TAG_FOOD', 'MODIFIER_ALL_CITIES_ATTACH_MODIFIER', 'CITY_FOLLOWS_PANTHEON_REQUIREMENTS'      ),
	('FERTILITY_RITES_TAG_FOOD_MODIFIER', 'MODIFIER_CITY_PLOT_YIELDS_ADJUST_PLOT_YIELD', 'PLOT_HAS_FERTILITY_TAG_FOOD_REQUIREMENTS');
INSERT INTO ModifierArguments 
	(ModifierId, Name, Value)
	VALUES
	('FERTILITY_RITES_TAG_FOOD', 'ModifierId', 'FERTILITY_RITES_TAG_FOOD_MODIFIER'),
	('FERTILITY_RITES_TAG_FOOD_MODIFIER', 'YieldType', 'YIELD_FOOD'),
	('FERTILITY_RITES_TAG_FOOD_MODIFIER', 'Amount', '1');
INSERT INTO Requirements 
	(RequirementId, RequirementType)
	VALUES 
	('REQUIRES_PLOT_HAS_TAG_FERTILITY_FOOD', 'REQUIREMENT_PLOT_RESOURCE_TAG_MATCHES');
INSERT INTO RequirementArguments 
	(RequirementId, Name, Value)
	VALUES 
	('REQUIRES_PLOT_HAS_TAG_FERTILITY_FOOD', 'Tag', 'CLASS_FERTILITY_RITES_FOOD');
INSERT INTO RequirementSets 
	(RequirementSetId, RequirementSetType)
	VALUES 
	('PLOT_HAS_FERTILITY_TAG_FOOD_REQUIREMENTS', 'REQUIREMENTSET_TEST_ALL');
INSERT INTO RequirementSetRequirements 
	(RequirementSetId, RequirementId)
	VALUES 
	('PLOT_HAS_FERTILITY_TAG_FOOD_REQUIREMENTS', 'REQUIRES_PLOT_HAS_TAG_FERTILITY_FOOD');
UPDATE BeliefModifiers SET ModifierID='FERTILITY_RITES_TAG_FOOD' WHERE BeliefType='BELIEF_FERTILITY_RITES' AND ModifierID='FERTILITY_RITES_GROWTH';
-- Initiation Rites
--  - 40% faith for each military land unit produced
--  - 2 free warriors
--  - no healing on barb camp clear
INSERT INTO Modifiers(ModifierId, ModifierType, RunOnce, Permanent, SubjectRequirementSetId)
VALUES ('INITIATION_RITES_FAITH_YIELD_CPL_MOD', 'MODIFIER_ALL_CITIES_ATTACH_MODIFIER', 0, 0, 'CITY_FOLLOWS_PANTHEON_REQUIREMENTS'),
       ('INITIATION_RITES_FAITH_YIELD_MODIFIER_CPL_MOD', 'MODIFIER_SINGLE_CITY_GRANT_YIELD_PER_UNIT_COST', 0, 0, NULL),
       ('BBG_INITIATION_RITES_FREE_WARRIOR', 'MODIFIER_ALL_PLAYERS_ATTACH_MODIFIER', 0, 0, 'PLAYER_HAS_PANTHEON_REQUIREMENTS'),
       ('BBG_INITIATION_RITES_FREE_WARRIOR_MODIFIER', 'MODIFIER_PLAYER_GRANT_UNIT_IN_CAPITAL', 1, 1, 'PLAYER_HAS_AT_LEAST_ONE_CITY_REQUIREMENTS');
INSERT INTO ModifierArguments(ModifierId, Name, Value)
VALUES ('INITIATION_RITES_FAITH_YIELD_CPL_MOD', 'ModifierId', 'INITIATION_RITES_FAITH_YIELD_MODIFIER_CPL_MOD'),
       ('INITIATION_RITES_FAITH_YIELD_MODIFIER_CPL_MOD', 'YieldType', 'YIELD_FAITH'),
       ('INITIATION_RITES_FAITH_YIELD_MODIFIER_CPL_MOD', 'UnitProductionPercent', '40'),
       ('BBG_INITIATION_RITES_FREE_WARRIOR', 'ModifierId', 'BBG_INITIATION_RITES_FREE_WARRIOR_MODIFIER'),
       ('BBG_INITIATION_RITES_FREE_WARRIOR_MODIFIER', 'UnitType', 'UNIT_WARRIOR'),
       ('BBG_INITIATION_RITES_FREE_WARRIOR_MODIFIER', 'Amount', '2'),
       ('BBG_INITIATION_RITES_FREE_WARRIOR_MODIFIER', 'AllowUniqueOverride', '1');
DELETE FROM BeliefModifiers WHERE BeliefType = 'BELIEF_INITIATION_RITES';
INSERT INTO BeliefModifiers(BeliefType, ModifierID)
VALUES ('BELIEF_INITIATION_RITES', 'INITIATION_RITES_FAITH_YIELD_CPL_MOD'),
       ('BELIEF_INITIATION_RITES', 'BBG_INITIATION_RITES_FREE_WARRIOR');
-- Sacred Path +1 Faith Holy Site adjacency now applies to both Woods and Rainforest
INSERT INTO BeliefModifiers 
	(BeliefType, ModifierId)
	VALUES
	('BELIEF_SACRED_PATH', 'SACRED_PATH_WOODS_FAITH_ADJACENCY');
INSERT INTO Modifiers 
	(ModifierId, ModifierType, SubjectRequirementSetId)
	VALUES
	('SACRED_PATH_WOODS_FAITH_ADJACENCY', 'MODIFIER_ALL_CITIES_FEATURE_ADJACENCY', 'CITY_FOLLOWS_PANTHEON_REQUIREMENTS');
INSERT INTO ModifierArguments 
	(ModifierId, Name, Value)
	VALUES
	('SACRED_PATH_WOODS_FAITH_ADJACENCY'                , 'DistrictType'              , 'DISTRICT_HOLY_SITE'                            ),
	('SACRED_PATH_WOODS_FAITH_ADJACENCY'                , 'FeatureType'               , 'FEATURE_FOREST'                                ),
	('SACRED_PATH_WOODS_FAITH_ADJACENCY'                , 'YieldType'                 , 'YIELD_FAITH'                                   ),
	('SACRED_PATH_WOODS_FAITH_ADJACENCY'                , 'Amount'                    , '1'                                             ),
	('SACRED_PATH_WOODS_FAITH_ADJACENCY'                , 'Description'               , 'LOC_DISTRICT_SACREDPATH_WOODS_FAITH'           );
-- Lady of the Reeds and Marshes now applies pantanal
INSERT INTO RequirementSetRequirements 
    (RequirementSetId, RequirementId)
    VALUES 
    ('PLOT_HAS_REEDS_REQUIREMENTS', 'REQUIRES_PLOT_HAS_PANTANAL');
INSERT INTO Requirements 
    (RequirementId, RequirementType)
    VALUES 
    ('REQUIRES_PLOT_HAS_PANTANAL', 'REQUIREMENT_PLOT_FEATURE_TYPE_MATCHES');
INSERT INTO RequirementArguments 
    (RequirementId, Name, Value)
    VALUES 
    ('REQUIRES_PLOT_HAS_PANTANAL', 'FeatureType', 'FEATURE_PANTANAL');

--==============================================================
--******				   POLICY CARDS					  ******
--==============================================================
-- destroy barbs
UPDATE ModifierArguments SET Value='10' WHERE ModifierId='DISCIPLINE_BARBARIANCOMBAT';
-- Bastillon ""bugfix"" (Value is doubled, so put 2*+3 instead of 2*+5)
UPDATE ModifierArguments SET Value='3' WHERE ModifierId='BASTIONS_RANGEDSTRIKE' AND Name='Amount';
-- add 3 siege policy cards
INSERT INTO Types
	(Type, Kind)
	VALUES
	('POLICY_SIEGE', 'KIND_POLICY'),
	('POLICY_HARD_SHELL_EXPLOSIVES', 'KIND_POLICY'),
	('POLICY_TRENCH_WARFARE', 'KIND_POLICY');
INSERT INTO Policies
	(PolicyType, Name	, Description, PrereqCivic, GovernmentSlotType)
	VALUES
	('POLICY_SIEGE', 'LOC_POLICY_SIEGE_NAME', 'LOC_POLICY_SIEGE_DESCRIPTION', 'CIVIC_MILITARY_TRAINING', 'SLOT_MILITARY'),
	('POLICY_HARD_SHELL_EXPLOSIVES', 'LOC_POLICY_HARD_SHELL_EXPLOSIVES_NAME', 'LOC_POLICY_HARD_SHELL_EXPLOSIVES_DESCRIPTION', 'CIVIC_MEDIEVAL_FAIRES', 'SLOT_MILITARY'),
	('POLICY_TRENCH_WARFARE', 'LOC_POLICY_TRENCH_WARFARE_NAME', 'LOC_POLICY_TRENCH_WARFARE_DESCRIPTION', 'CIVIC_SCORCHED_EARTH', 'SLOT_MILITARY');
INSERT INTO ObsoletePolicies
	(PolicyType, ObsoletePolicy)
	VALUES
	('POLICY_SIEGE', 'POLICY_HARD_SHELL_EXPLOSIVES'),
	('POLICY_HARD_SHELL_EXPLOSIVES', 'POLICY_TRENCH_WARFARE');
INSERT INTO PolicyModifiers
	(PolicyType, ModifierId)
	VALUES
	('POLICY_SIEGE', 'SIEGE_ANCIENT_SIEGE_PRODUCTION'),
	('POLICY_SIEGE', 'SIEGE_CLASSICAL_SIEGE_PRODUCTION'),
	('POLICY_HARD_SHELL_EXPLOSIVES', 'HARD_SHELL_ANCIENT_SIEGE_PRODUCTION'),
	('POLICY_HARD_SHELL_EXPLOSIVES', 'HARD_SHELL_CLASSICAL_SIEGE_PRODUCTION'),
	('POLICY_HARD_SHELL_EXPLOSIVES', 'HARD_SHELL_MEDIEVAL_SIEGE_PRODUCTION'),
	('POLICY_HARD_SHELL_EXPLOSIVES', 'HARD_SHELL_RENAISSANCE_SIEGE_PRODUCTION'),
	('POLICY_TRENCH_WARFARE', 'TRENCH_WARFARE_ANCIENT_SIEGE_PRODUCTION'),
	('POLICY_TRENCH_WARFARE', 'TRENCH_WARFARE_CLASSICAL_SIEGE_PRODUCTION'),
	('POLICY_TRENCH_WARFARE', 'TRENCH_WARFARE_MEDIEVAL_SIEGE_PRODUCTION'),
	('POLICY_TRENCH_WARFARE', 'TRENCH_WARFARE_RENAISSANCE_SIEGE_PRODUCTION'),
	('POLICY_TRENCH_WARFARE', 'TRENCH_WARFARE_INDUSTRIAL_SIEGE_PRODUCTION'),
	('POLICY_TRENCH_WARFARE', 'TRENCH_WARFARE_MODERN_SIEGE_PRODUCTION'),
	('POLICY_TRENCH_WARFARE', 'TRENCH_WARFARE_ATOMIC_SIEGE_PRODUCTION');
INSERT INTO Modifiers
	(ModifierId, ModifierType)
	VALUES
	('SIEGE_ANCIENT_SIEGE_PRODUCTION', 'MODIFIER_PLAYER_CITIES_ADJUST_UNIT_TAG_ERA_PRODUCTION'),
	('SIEGE_CLASSICAL_SIEGE_PRODUCTION', 'MODIFIER_PLAYER_CITIES_ADJUST_UNIT_TAG_ERA_PRODUCTION'),
	('HARD_SHELL_ANCIENT_SIEGE_PRODUCTION', 'MODIFIER_PLAYER_CITIES_ADJUST_UNIT_TAG_ERA_PRODUCTION'),
	('HARD_SHELL_CLASSICAL_SIEGE_PRODUCTION', 'MODIFIER_PLAYER_CITIES_ADJUST_UNIT_TAG_ERA_PRODUCTION'),
	('HARD_SHELL_MEDIEVAL_SIEGE_PRODUCTION', 'MODIFIER_PLAYER_CITIES_ADJUST_UNIT_TAG_ERA_PRODUCTION'),
	('HARD_SHELL_RENAISSANCE_SIEGE_PRODUCTION', 'MODIFIER_PLAYER_CITIES_ADJUST_UNIT_TAG_ERA_PRODUCTION'),
	('TRENCH_WARFARE_ANCIENT_SIEGE_PRODUCTION', 'MODIFIER_PLAYER_CITIES_ADJUST_UNIT_TAG_ERA_PRODUCTION'),
	('TRENCH_WARFARE_CLASSICAL_SIEGE_PRODUCTION', 'MODIFIER_PLAYER_CITIES_ADJUST_UNIT_TAG_ERA_PRODUCTION'),
	('TRENCH_WARFARE_MEDIEVAL_SIEGE_PRODUCTION', 'MODIFIER_PLAYER_CITIES_ADJUST_UNIT_TAG_ERA_PRODUCTION'),
	('TRENCH_WARFARE_RENAISSANCE_SIEGE_PRODUCTION', 'MODIFIER_PLAYER_CITIES_ADJUST_UNIT_TAG_ERA_PRODUCTION'),
	('TRENCH_WARFARE_INDUSTRIAL_SIEGE_PRODUCTION', 'MODIFIER_PLAYER_CITIES_ADJUST_UNIT_TAG_ERA_PRODUCTION'),
	('TRENCH_WARFARE_MODERN_SIEGE_PRODUCTION', 'MODIFIER_PLAYER_CITIES_ADJUST_UNIT_TAG_ERA_PRODUCTION'),
	('TRENCH_WARFARE_ATOMIC_SIEGE_PRODUCTION', 'MODIFIER_PLAYER_CITIES_ADJUST_UNIT_TAG_ERA_PRODUCTION');
INSERT INTO ModifierArguments
	(ModifierId, Name, Value, Extra)
	VALUES
	('SIEGE_ANCIENT_SIEGE_PRODUCTION', 'UnitPromotionClass', 'PROMOTION_CLASS_SIEGE', -1 ),
	('SIEGE_ANCIENT_SIEGE_PRODUCTION', 'EraType', 'ERA_ANCIENT', -1 ),
	('SIEGE_ANCIENT_SIEGE_PRODUCTION', 'Amount', 50, -1),
	('SIEGE_CLASSICAL_SIEGE_PRODUCTION', 'UnitPromotionClass', 'PROMOTION_CLASS_SIEGE', -1 ),
	('SIEGE_CLASSICAL_SIEGE_PRODUCTION', 'EraType', 'ERA_CLASSICAL', -1 ),
	('SIEGE_CLASSICAL_SIEGE_PRODUCTION', 'Amount', 50, -1),
	('HARD_SHELL_ANCIENT_SIEGE_PRODUCTION', 'UnitPromotionClass', 'PROMOTION_CLASS_SIEGE', -1 ),
	('HARD_SHELL_ANCIENT_SIEGE_PRODUCTION', 'EraType', 'ERA_ANCIENT', -1 ),
	('HARD_SHELL_ANCIENT_SIEGE_PRODUCTION', 'Amount', 50, -1),
	('HARD_SHELL_CLASSICAL_SIEGE_PRODUCTION', 'UnitPromotionClass', 'PROMOTION_CLASS_SIEGE', -1 ),
	('HARD_SHELL_CLASSICAL_SIEGE_PRODUCTION', 'EraType', 'ERA_CLASSICAL', -1 ),
	('HARD_SHELL_CLASSICAL_SIEGE_PRODUCTION', 'Amount', 50, -1),
	('HARD_SHELL_MEDIEVAL_SIEGE_PRODUCTION', 'UnitPromotionClass', 'PROMOTION_CLASS_SIEGE', -1 ),
	('HARD_SHELL_MEDIEVAL_SIEGE_PRODUCTION', 'EraType', 'ERA_MEDIEVAL', -1 ),
	('HARD_SHELL_MEDIEVAL_SIEGE_PRODUCTION', 'Amount', 50, -1),
	('HARD_SHELL_RENAISSANCE_SIEGE_PRODUCTION', 'UnitPromotionClass', 'PROMOTION_CLASS_SIEGE', -1 ),
	('HARD_SHELL_RENAISSANCE_SIEGE_PRODUCTION', 'EraType', 'ERA_RENAISSANCE', -1 ),
	('HARD_SHELL_RENAISSANCE_SIEGE_PRODUCTION', 'Amount', 50, -1),
	('TRENCH_WARFARE_ANCIENT_SIEGE_PRODUCTION', 'UnitPromotionClass', 'PROMOTION_CLASS_SIEGE', -1 ),
	('TRENCH_WARFARE_ANCIENT_SIEGE_PRODUCTION', 'EraType', 'ERA_ANCIENT', -1 ),
	('TRENCH_WARFARE_ANCIENT_SIEGE_PRODUCTION', 'Amount', 50, -1),
	('TRENCH_WARFARE_CLASSICAL_SIEGE_PRODUCTION', 'UnitPromotionClass', 'PROMOTION_CLASS_SIEGE', -1 ),
	('TRENCH_WARFARE_CLASSICAL_SIEGE_PRODUCTION', 'EraType', 'ERA_CLASSICAL', -1 ),
	('TRENCH_WARFARE_CLASSICAL_SIEGE_PRODUCTION', 'Amount', 50, -1),
	('TRENCH_WARFARE_MEDIEVAL_SIEGE_PRODUCTION', 'UnitPromotionClass', 'PROMOTION_CLASS_SIEGE', -1 ),
	('TRENCH_WARFARE_MEDIEVAL_SIEGE_PRODUCTION', 'EraType', 'ERA_MEDIEVAL', -1 ),
	('TRENCH_WARFARE_MEDIEVAL_SIEGE_PRODUCTION', 'Amount', 50, -1),
	('TRENCH_WARFARE_RENAISSANCE_SIEGE_PRODUCTION', 'UnitPromotionClass', 'PROMOTION_CLASS_SIEGE', -1 ),
	('TRENCH_WARFARE_RENAISSANCE_SIEGE_PRODUCTION', 'EraType', 'ERA_RENAISSANCE', -1 ),
	('TRENCH_WARFARE_RENAISSANCE_SIEGE_PRODUCTION', 'Amount', 50, -1),
	('TRENCH_WARFARE_INDUSTRIAL_SIEGE_PRODUCTION', 'UnitPromotionClass', 'PROMOTION_CLASS_SIEGE', -1 ),
	('TRENCH_WARFARE_INDUSTRIAL_SIEGE_PRODUCTION', 'EraType', 'ERA_INDUSTRIAL', -1 ),
	('TRENCH_WARFARE_INDUSTRIAL_SIEGE_PRODUCTION', 'Amount', 50, -1),
	('TRENCH_WARFARE_MODERN_SIEGE_PRODUCTION', 'UnitPromotionClass', 'PROMOTION_CLASS_SIEGE', -1 ),
	('TRENCH_WARFARE_MODERN_SIEGE_PRODUCTION', 'EraType', 'ERA_MODERN', -1 ),
	('TRENCH_WARFARE_MODERN_SIEGE_PRODUCTION', 'Amount', 50, -1),
	('TRENCH_WARFARE_ATOMIC_SIEGE_PRODUCTION', 'UnitPromotionClass', 'PROMOTION_CLASS_SIEGE', -1 ),
	('TRENCH_WARFARE_ATOMIC_SIEGE_PRODUCTION', 'EraType', 'ERA_ATOMIC', -1 ),
	('TRENCH_WARFARE_ATOMIC_SIEGE_PRODUCTION', 'Amount', 50, -1);

--==============================================================
--******					RELIGION					  ******
--==============================================================
-- reduce debator promotion
UPDATE ModifierArguments SET Value='10' WHERE ModifierId='APOSTLE_DEBATER' AND Name='Amount';
UPDATE ModifierArguments SET Value='100' WHERE ModifierId='APOSTLE_FOREIGN_SPREAD' AND Name='Amount';
UPDATE ModifierArguments SET Value='25' WHERE ModifierId='APOSTLE_EVICT_ALL' AND Name='Amount';
-- remove spread from condemning and reduce for defeating
UPDATE GlobalParameters SET Value=150 WHERE Name='RELIGION_SPREAD_COMBAT_VICTORY';
UPDATE GlobalParameters SET Value=0 WHERE Name='RELIGION_SPREAD_RANGE_UNIT_CAPTURE';
-- give monks wall breaker ability and double xp
INSERT INTO Types (Type, Kind) VALUES
	('WARRIOR_MONK_WALL_BREAKER_BBG', 'KIND_ABILITY'),
	('WARRIOR_MONK_DOUBLE_XP_BBG', 'KIND_ABILITY');
INSERT INTO TypeTags (Type, Tag) VALUES
	('WARRIOR_MONK_WALL_BREAKER_BBG', 'CLASS_WARRIOR_MONK'),
	('WARRIOR_MONK_DOUBLE_XP_BBG', 'CLASS_WARRIOR_MONK');
INSERT INTO Modifiers (ModifierId, ModifierType) VALUES
	('ENABLE_WALL_ATTACK_WHOLE_GAME_MONK_BBG', 'MODIFIER_PLAYER_UNITS_ADJUST_ENABLE_WALL_ATTACK_WHOLE_GAME_PROMOTION_CLASS'),
	('ENABLE_WARRIOR_MONK_DOUBLE_XP_BBG', 'MODIFIER_PLAYER_UNIT_ADJUST_UNIT_EXPERIENCE_MODIFIER');
INSERT INTO ModifierArguments (ModifierId, Name, Value) VALUES
	('ENABLE_WALL_ATTACK_WHOLE_GAME_MONK_BBG', 'PromotionClass', 'PROMOTION_CLASS_MONK'),
	('ENABLE_WARRIOR_MONK_DOUBLE_XP_BBG', 'Amount', '50');
INSERT INTO UnitAbilities (UnitAbilityType) VALUES
	('WARRIOR_MONK_WALL_BREAKER_BBG'),
	('WARRIOR_MONK_DOUBLE_XP_BBG');
INSERT INTO UnitAbilityModifiers (UnitAbilityType, ModifierId) VALUES
	('WARRIOR_MONK_WALL_BREAKER_BBG', 'ENABLE_WALL_ATTACK_WHOLE_GAME_MONK_BBG'),
	('WARRIOR_MONK_DOUBLE_XP_BBG', 'ENABLE_WARRIOR_MONK_DOUBLE_XP_BBG');
-- Monk spain ability bugfix
INSERT INTO TypeTags (Type , Tag) VALUES ('ABILITY_PHILIP_II_COMBAT_BONUS_OTHER_RELIGION' , 'CLASS_WARRIOR_MONK');
-- Nerf Inquisitors
UPDATE Units SET ReligionEvictPercent=25, SpreadCharges=2, CostProgressionParam1=10 WHERE UnitType='UNIT_INQUISITOR';
-- Religious spread from trade routes increased
UPDATE GlobalParameters SET Value='2.0' WHERE Name='RELIGION_SPREAD_TRADE_ROUTE_PRESSURE_FOR_DESTINATION';
UPDATE GlobalParameters SET Value='1.0' WHERE Name='RELIGION_SPREAD_TRADE_ROUTE_PRESSURE_FOR_ORIGIN'     ;
-- defender of faith nerf
UPDATE ModifierArguments SET Value='3' WHERE ModifierId='DEFENDER_OF_FAITH_COMBAT_BONUS_MODIFIER' AND Name='Amount';
-- Divine Inspiration yield increased
UPDATE ModifierArguments SET Value='6' WHERE ModifierId='DIVINE_INSPIRATION_WONDER_FAITH_MODIFIER' AND Name='Amount';
-- Crusader +7 instead of +10
UPDATE ModifierArguments SET Value='7' WHERE ModifierId='JUST_WAR_COMBAT_BONUS_MODIFIER';
-- Lay Ministry now +2 Culture and +2 Faith per Theater and Holy Site
UPDATE ModifierArguments SET Value='2' WHERE ModifierId='LAY_MINISTRY_CULTURE_DISTRICTS_MODIFIER' AND Name='Amount';
UPDATE ModifierArguments SET Value='2' WHERE ModifierId='LAY_MINISTRY_FAITH_DISTRICTS_MODIFIER' AND Name='Amount';
-- Cross-Cultural Dialogue is now +1 Science for every 3 foreign followers
UPDATE ModifierArguments SET Value='3' WHERE ModifierId='CROSS_CULTURAL_DIALOGUE_SCIENCE_FOREIGN_FOLLOWER_MODIFIER' AND Name='PerXItems';
-- Tithe is now +1 Gold for every 3 followers
UPDATE ModifierArguments SET Value='3' WHERE ModifierId='TITHE_GOLD_FOLLOWER_MODIFIER' AND Name='PerXItems';
-- World Church is now +1 Culture for every 3 foreign followers
UPDATE ModifierArguments SET Value='3' WHERE ModifierId='WORLD_CHURCH_CULTURE_FOREIGN_FOLLOWER_MODIFIER' AND Name='PerXItems';
-- Zen Meditation now only requires 1 District to get the +1 Amentity
UPDATE RequirementArguments SET Value='1' WHERE RequirementId='REQUIRES_CITY_HAS_2_SPECIALTY_DISTRICTS' AND Name='Amount';
-- Religious Communities now gives +1 Housing to Holy Sites, like it does for Shines and Temples
INSERT INTO Modifiers (ModifierId , ModifierType , SubjectRequirementSetId)
	VALUES ('RELIGIOUS_COMMUNITY_HOLY_SITE_HOUSING' , 'MODIFIER_ALL_CITIES_ATTACH_MODIFIER' , 'CITY_FOLLOWS_RELIGION_HAS_HOLY_SITE');
INSERT INTO Modifiers (ModifierId , ModifierType)
	VALUES ('RELIGIOUS_COMMUNITY_HOLY_SITE_HOUSING_MODIFIER' , 'MODIFIER_SINGLE_CITY_ADJUST_BUILDING_HOUSING');
INSERT INTO ModifierArguments (ModifierId , Name , Value)
	VALUES ('RELIGIOUS_COMMUNITY_HOLY_SITE_HOUSING' , 'ModifierId' , 'RELIGIOUS_COMMUNITY_HOLY_SITE_HOUSING_MODIFIER');
INSERT INTO ModifierArguments (ModifierId , Name , Value)
	VALUES ('RELIGIOUS_COMMUNITY_HOLY_SITE_HOUSING_MODIFIER' , 'Amount' , '1');
INSERT INTO BeliefModifiers (BeliefType , ModifierId)
	VALUES ('BELIEF_RELIGIOUS_COMMUNITY' , 'RELIGIOUS_COMMUNITY_HOLY_SITE_HOUSING');
INSERT INTO RequirementSets (RequirementSetId , RequirementSetType)
	VALUES ('CITY_FOLLOWS_RELIGION_HAS_HOLY_SITE' , 'REQUIREMENTSET_TEST_ALL');
INSERT INTO RequirementSetRequirements (RequirementSetId , RequirementId)
    VALUES ('CITY_FOLLOWS_RELIGION_HAS_HOLY_SITE' , 'REQUIRES_CITY_FOLLOWS_RELIGION');
INSERT INTO RequirementSetRequirements (RequirementSetId , RequirementId)
	VALUES ('CITY_FOLLOWS_RELIGION_HAS_HOLY_SITE' , 'REQUIRES_CITY_HAS_HOLY_SITE');
-- Work Ethic now provides production equal to base yield for Shrine and Temple
DELETE From BeliefModifiers WHERE ModifierId='WORK_ETHIC_FOLLOWER_PRODUCTION';
INSERT INTO Modifiers 
	(ModifierId                              , ModifierType                          , SubjectRequirementSetId)
	VALUES 
	('WORK_ETHIC_SHRINE_PRODUCTION'          , 'MODIFIER_ALL_CITIES_ATTACH_MODIFIER' , 'CITY_FOLLOWS_RELIGION_HAS_SHRINE'),
	('WORK_ETHIC_TEMPLE_PRODUCTION'          , 'MODIFIER_ALL_CITIES_ATTACH_MODIFIER' , 'CITY_FOLLOWS_RELIGION_HAS_TEMPLE'),
	('WORK_ETHIC_SHRINE_PRODUCTION_MODIFIER' , 'MODIFIER_BUILDING_YIELD_CHANGE'      , null                              ),
	('WORK_ETHIC_TEMPLE_PRODUCTION_MODIFIER' , 'MODIFIER_BUILDING_YIELD_CHANGE'      , null                              );
INSERT INTO ModifierArguments 
	(ModifierId                              , Name           , Value)
	VALUES 
	('WORK_ETHIC_SHRINE_PRODUCTION'          , 'ModifierId'   , 'WORK_ETHIC_SHRINE_PRODUCTION_MODIFIER'),
	('WORK_ETHIC_TEMPLE_PRODUCTION'          , 'ModifierId'   , 'WORK_ETHIC_TEMPLE_PRODUCTION_MODIFIER'),
	('WORK_ETHIC_SHRINE_PRODUCTION_MODIFIER' , 'BuildingType' , 'BUILDING_SHRINE'                      ),
	('WORK_ETHIC_SHRINE_PRODUCTION_MODIFIER' , 'YieldType'    , 'YIELD_PRODUCTION'                     ),
	('WORK_ETHIC_SHRINE_PRODUCTION_MODIFIER' , 'Amount'       , '2'                                    ),
	('WORK_ETHIC_TEMPLE_PRODUCTION_MODIFIER' , 'BuildingType' , 'BUILDING_TEMPLE'                      ),
	('WORK_ETHIC_TEMPLE_PRODUCTION_MODIFIER' , 'YieldType'    , 'YIELD_PRODUCTION'                     ),
	('WORK_ETHIC_TEMPLE_PRODUCTION_MODIFIER' , 'Amount'       , '4'                                    );
INSERT INTO BeliefModifiers 
	(BeliefType          , ModifierId)
	VALUES 
	('BELIEF_WORK_ETHIC', 'WORK_ETHIC_TEMPLE_PRODUCTION'),
	('BELIEF_WORK_ETHIC', 'WORK_ETHIC_SHRINE_PRODUCTION');
-- Dar E Mehr provides +2 culture instead of faith from eras
DELETE FROM Building_YieldsPerEra WHERE BuildingType='BUILDING_DAR_E_MEHR';
INSERT INTO Building_YieldChanges 
	(BuildingType          , YieldType       , YieldChange)
	VALUES 
	('BUILDING_DAR_E_MEHR', 'YIELD_CULTURE', '2');

--==============================================================
--******					  SCORE					  	  ******
--==============================================================
-- more points for techs and civics
UPDATE ScoringLineItems SET Multiplier=4 WHERE LineItemType='LINE_ITEM_CIVICS';
UPDATE ScoringLineItems SET Multiplier=3 WHERE LineItemType='LINE_ITEM_TECHS';
-- less points for wide, more for tall
UPDATE ScoringLineItems SET Multiplier=2 WHERE LineItemType='LINE_ITEM_CITIES';
UPDATE ScoringLineItems SET Multiplier=2 WHERE LineItemType='LINE_ITEM_POPULATION';
-- Wonders Provide +4 score instead of +15
UPDATE ScoringLineItems SET Multiplier=4 WHERE LineItemType='LINE_ITEM_WONDERS';
-- Great People worth only 3 instead of 5
UPDATE ScoringLineItems SET Multiplier=3 WHERE LineItemType='LINE_ITEM_GREAT_PEOPLE';
-- converting foreign populations reduced from 2 to 1
UPDATE ScoringLineItems SET Multiplier=1 WHERE LineItemType='LINE_ITEM_ERA_CONVERTED';

-- --==============================================================
-- --******				START BIASES					  ******
-- --==============================================================

--==============================================================
--******			  U N I T S  (NON-UNIQUE)			  ******
--==============================================================
UPDATE Units SET BaseMoves=6, BaseSightRange=4 WHERE UnitType='UNIT_HELICOPTER';
UPDATE Units SET BaseMoves=4 WHERE UnitType='UNIT_SUBMARINE';
UPDATE Units SET BaseMoves=6 WHERE UnitType='UNIT_DESTROYER';
UPDATE Units SET BaseMoves=5 WHERE UnitType='UNIT_AIRCRAFT_CARRIER';
UPDATE UnitCommands SET VisibleInUI=0 WHERE CommandType='UNITCOMMAND_PRIORITY_TARGET';
UPDATE Units SET BaseMoves=3 WHERE UnitType='UNIT_MILITARY_ENGINEER';
UPDATE Units SET BaseMoves=6, Cost=310 WHERE UnitType='UNIT_CAVALRY';
UPDATE Units SET PrereqTech='TECH_MILITARY_TACTICS' WHERE UnitType='UNIT_MAN_AT_ARMS';
UPDATE Units SET PrereqTech='TECH_COMBUSTION' WHERE UnitType='UNIT_ANTIAIR_GUN';
UPDATE Units SET BaseMoves=3 WHERE UnitType='UNIT_INFANTRY';
UPDATE Units SET PrereqCivic='CIVIC_EXPLORATION' WHERE UnitType='UNIT_PRIVATEER';
INSERT INTO RequirementSetRequirements (RequirementSetId, RequirementId)
	VALUES
	('GRAPE_SHOT_REQUIREMENTS',	'PLAYER_IS_ATTACKER_REQUIREMENTS'),
	('SHRAPNEL_REQUIREMENTS',	'PLAYER_IS_ATTACKER_REQUIREMENTS');
-- barbs
-- horses must be have resources closer in order to spawn
UPDATE BarbarianTribes SET ResourceRange=2 WHERE TribeType='TRIBE_CAVALRY';
-- less raider and attack forces
UPDATE BarbarianAttackForces SET NumMeleeUnits=2, NumRangeUnits=1 WHERE AttackForceType='CavalryAttack';
UPDATE BarbarianAttackForces SET NumMeleeUnits=1 WHERE AttackForceType='CavalryRaid';
UPDATE BarbarianAttackForces SET NumMeleeUnits=2, NumRangeUnits=1 WHERE AttackForceType='StandardAttack';
UPDATE BarbarianAttackForces SET NumMeleeUnits=1 WHERE AttackForceType='StandardRaid';
UPDATE BarbarianAttackForces SET NumMeleeUnits=2, NumRangeUnits=1, SiegeTag=NULL, NumSiegeUnits=0 WHERE AttackForceType='NavalAttack';
UPDATE BarbarianAttackForces SET NumMeleeUnits=1, RangeTag=NULL, NumRangeUnits=0 WHERE AttackForceType='NavalRaid';
-- Infantry to 80 (from 75)
-- AT Crew to 80 (from 75)
-- Mechanized infantry to 90 (from 85)
-- Modern AT to 90 (from 85)
-- GDR Melee to 140 (from 130)
-- GDR Anti-Air to 120, +20 with future tech (from 100 + 30)
UPDATE Units SET Combat=80 WHERE UnitType='UNIT_AT_CREW';
UPDATE Units SET Combat=80 WHERE UnitType='UNIT_INFANTRY';
UPDATE Units SET Combat=90 WHERE UnitType='UNIT_MODERN_AT';
UPDATE Units SET Combat=90 WHERE UnitType='UNIT_MECHANIZED_INFANTRY';
UPDATE Units SET Combat=140, AntiAirCombat=120 WHERE UnitType='UNIT_GIANT_DEATH_ROBOT';
UPDATE ModifierArguments SET Value='20' WHERE ModifierId='GDR_AA_DEFENSE' AND Name='Amount';

--==============================================================
--******					W A L L S					  ******
--==============================================================
UPDATE Buildings SET OuterDefenseHitPoints=75, Cost=100 WHERE BuildingType='BUILDING_WALLS';
UPDATE Buildings SET OuterDefenseHitPoints=75, Cost=200 WHERE BuildingType='BUILDING_CASTLE';
UPDATE Buildings SET OuterDefenseHitPoints=75 WHERE BuildingType='BUILDING_STAR_FORT';
UPDATE ModifierArguments SET Value='300' WHERE ModifierId='STEEL_UNLOCK_URBAN_DEFENSES';

--==============================================================
--******			W O N D E R S  (MAN-MADE)			  ******
--==============================================================
-- Huey gives +2 culture to lake tiles
INSERT INTO BuildingModifiers (BuildingType, ModifierId)
	VALUES ('BUILDING_HUEY_TEOCALLI', 'HUEY_LAKE_CULTURE');
INSERT INTO Modifiers (ModifierId, ModifierType, SubjectRequirementSetId)
	VALUES
	('HUEY_LAKE_CULTURE', 'MODIFIER_ALL_CITIES_ATTACH_MODIFIER', 'FOODHUEY_PLAYER_REQUIREMENTS'),
	('HUEY_LAKE_CULTURE_MODIFIER', 'MODIFIER_CITY_PLOT_YIELDS_ADJUST_PLOT_YIELD', 'FOODHUEY_PLOT_IS_LAKE_REQUIREMENTS');
INSERT INTO ModifierArguments (ModifierId, Name, Value)
	VALUES
	('HUEY_LAKE_CULTURE', 'ModifierId', 'HUEY_LAKE_CULTURE_MODIFIER'),
	('HUEY_LAKE_CULTURE_MODIFIER', 'Amount', '2'),
	('HUEY_LAKE_CULTURE_MODIFIER', 'YieldType', 'YIELD_CULTURE');
-- cristo gets 1 relic
INSERT INTO Modifiers (ModifierId , ModifierType , RunOnce , Permanent)
	VALUES ('WONDER_GRANT_RELIC_BBG' , 'MODIFIER_PLAYER_GRANT_RELIC' , 1 , 1);	
INSERT INTO ModifierArguments (ModifierId , Name , Value)
	VALUES ('WONDER_GRANT_RELIC_BBG' , 'Amount' , '1');
INSERT INTO BuildingModifiers (BuildingType, ModifierId) VALUES
	('BUILDING_CRISTO_REDENTOR', 'WONDER_GRANT_RELIC_BBG');
-- Hanging Gardens gives +1 housing to cities within 6 tiles
UPDATE Buildings SET Housing='1' WHERE BuildingType='BUILDING_HANGING_GARDENS';
INSERT INTO BuildingModifiers (BuildingType , ModifierId)
	VALUES ('BUILDING_HANGING_GARDENS' , 'HANGING_GARDENS_REGIONAL_HOUSING');
INSERT INTO Modifiers (ModifierId , ModifierType, SubjectRequirementSetId)
	VALUES ('HANGING_GARDENS_REGIONAL_HOUSING' , 'MODIFIER_PLAYER_CITIES_ADJUST_BUILDING_HOUSING' , 'HANGING_GARDENS_REGIONAL_HOUSING_REQUIREMENTS');
INSERT INTO ModifierArguments (ModifierId , Name , Value)
	VALUES ('HANGING_GARDENS_REGIONAL_HOUSING' , 'Amount' , '1');
INSERT INTO RequirementSets (RequirementSetId , RequirementSetType)
	VALUES ('HANGING_GARDENS_REGIONAL_HOUSING_REQUIREMENTS' , 'REQUIREMENTSET_TEST_ANY');
INSERT INTO RequirementSetRequirements (RequirementSetId , RequirementId)
	VALUES ('HANGING_GARDENS_REGIONAL_HOUSING_REQUIREMENTS' , 'REQUIRES_PLOT_HAS_HANGING_GARDENS_WITHIN_6');
INSERT INTO Requirements (RequirementId , RequirementType)
	VALUES ('REQUIRES_PLOT_HAS_HANGING_GARDENS_WITHIN_6' , 'REQUIREMENT_PLOT_ADJACENT_BUILDING_TYPE_MATCHES');
INSERT INTO RequirementArguments (RequirementId , Name , Value)
	VALUES ('REQUIRES_PLOT_HAS_HANGING_GARDENS_WITHIN_6' , 'BuildingType' ,'BUILDING_HANGING_GARDENS');
INSERT INTO RequirementArguments (RequirementId , Name , Value)
	VALUES ('REQUIRES_PLOT_HAS_HANGING_GARDENS_WITHIN_6' , 'MaxRange' ,'6');
INSERT INTO RequirementArguments (RequirementId , Name , Value)
	VALUES ('REQUIRES_PLOT_HAS_HANGING_GARDENS_WITHIN_6' , 'MinRange' ,'0');
-- Great Library unlocks at Drama & Poetry instead of Recorded History
UPDATE Buildings SET PrereqCivic='CIVIC_DRAMA_POETRY' WHERE BuildingType='BUILDING_GREAT_LIBRARY';
-- Venetian Arsenal gives 100% production boost to all naval units in all cities instead of an extra naval unit in its city each time you build one
DELETE FROM BuildingModifiers WHERE	BuildingType='BUILDING_VENETIAN_ARSENAL';
INSERT INTO Modifiers (ModifierId, ModifierType, RunOnce, NewOnly, Permanent)
VALUES ('ANCIENT_NAVAL_MELEE_PRODUCTION', 'MODIFIER_PLAYER_CITIES_ADJUST_UNIT_TAG_ERA_PRODUCTION', 0, 0, 0);
INSERT INTO ModifierArguments (ModifierId, Name, Type, Value)
VALUES ('ANCIENT_NAVAL_MELEE_PRODUCTION', 'EraType', 'ARGTYPE_IDENTITY', 'ERA_ANCIENT');
INSERT INTO ModifierArguments (ModifierId, Name, Type, Value)
VALUES ('ANCIENT_NAVAL_MELEE_PRODUCTION', 'UnitPromotionClass', 'ARGTYPE_IDENTITY', 'PROMOTION_CLASS_NAVAL_MELEE');
INSERT INTO ModifierArguments (ModifierId, Name, Type, Value)
VALUES ('ANCIENT_NAVAL_MELEE_PRODUCTION', 'Amount', 'ARGTYPE_IDENTITY', '100');
INSERT INTO Modifiers (ModifierId, ModifierType, RunOnce, NewOnly, Permanent)
VALUES ('ATOMIC_NAVAL_MELEE_PRODUCTION', 'MODIFIER_PLAYER_CITIES_ADJUST_UNIT_TAG_ERA_PRODUCTION', 0, 0, 0);
INSERT INTO ModifierArguments (ModifierId, Name, Type, Value)
VALUES ('ATOMIC_NAVAL_MELEE_PRODUCTION', 'EraType', 'ARGTYPE_IDENTITY', 'ERA_ATOMIC');
INSERT INTO ModifierArguments (ModifierId, Name, Type, Value)
VALUES ('ATOMIC_NAVAL_MELEE_PRODUCTION', 'UnitPromotionClass', 'ARGTYPE_IDENTITY', 'PROMOTION_CLASS_NAVAL_MELEE');
INSERT INTO ModifierArguments (ModifierId, Name, Type, Value)
VALUES ('ATOMIC_NAVAL_MELEE_PRODUCTION', 'Amount', 'ARGTYPE_IDENTITY', '100');
INSERT INTO Modifiers (ModifierId, ModifierType, RunOnce, NewOnly, Permanent)
VALUES ('CLASSICAL_NAVAL_MELEE_PRODUCTION', 'MODIFIER_PLAYER_CITIES_ADJUST_UNIT_TAG_ERA_PRODUCTION', 0, 0, 0);
INSERT INTO ModifierArguments (ModifierId, Name, Type, Value)
VALUES ('CLASSICAL_NAVAL_MELEE_PRODUCTION', 'EraType', 'ARGTYPE_IDENTITY', 'ERA_CLASSICAL');
INSERT INTO ModifierArguments (ModifierId, Name, Type, Value)
VALUES ('CLASSICAL_NAVAL_MELEE_PRODUCTION', 'UnitPromotionClass', 'ARGTYPE_IDENTITY', 'PROMOTION_CLASS_NAVAL_MELEE');
INSERT INTO ModifierArguments (ModifierId, Name, Type, Value)
VALUES ('CLASSICAL_NAVAL_MELEE_PRODUCTION', 'Amount', 'ARGTYPE_IDENTITY', '100');
INSERT INTO Modifiers (ModifierId, ModifierType, RunOnce, NewOnly, Permanent)
VALUES ('INDUSTRIAL_NAVAL_MELEE_PRODUCTION', 'MODIFIER_PLAYER_CITIES_ADJUST_UNIT_TAG_ERA_PRODUCTION', 0, 0, 0);
INSERT INTO ModifierArguments (ModifierId, Name, Type, Value)
VALUES ('INDUSTRIAL_NAVAL_MELEE_PRODUCTION', 'EraType', 'ARGTYPE_IDENTITY', 'ERA_INDUSTRIAL');
INSERT INTO ModifierArguments (ModifierId, Name, Type, Value)
VALUES ('INDUSTRIAL_NAVAL_MELEE_PRODUCTION', 'UnitPromotionClass', 'ARGTYPE_IDENTITY', 'PROMOTION_CLASS_NAVAL_MELEE');
INSERT INTO ModifierArguments (ModifierId, Name, Type, Value)
VALUES ('INDUSTRIAL_NAVAL_MELEE_PRODUCTION', 'Amount', 'ARGTYPE_IDENTITY', '100');
INSERT INTO Modifiers (ModifierId, ModifierType, RunOnce, NewOnly, Permanent)
VALUES ('INFORMATION_NAVAL_MELEE_PRODUCTION', 'MODIFIER_PLAYER_CITIES_ADJUST_UNIT_TAG_ERA_PRODUCTION', 0, 0, 0);
INSERT INTO ModifierArguments (ModifierId, Name, Type, Value)
VALUES ('INFORMATION_NAVAL_MELEE_PRODUCTION', 'EraType', 'ARGTYPE_IDENTITY', 'ERA_INFORMATION');
INSERT INTO ModifierArguments (ModifierId, Name, Type, Value)
VALUES ('INFORMATION_NAVAL_MELEE_PRODUCTION', 'UnitPromotionClass', 'ARGTYPE_IDENTITY', 'PROMOTION_CLASS_NAVAL_MELEE');
INSERT INTO ModifierArguments (ModifierId, Name, Type, Value)
VALUES ('INFORMATION_NAVAL_MELEE_PRODUCTION', 'Amount', 'ARGTYPE_IDENTITY', '100');
INSERT INTO Modifiers (ModifierId, ModifierType, RunOnce, NewOnly, Permanent)
VALUES ('MEDIEVAL_NAVAL_MELEE_PRODUCTION', 'MODIFIER_PLAYER_CITIES_ADJUST_UNIT_TAG_ERA_PRODUCTION', 0, 0, 0);
INSERT INTO ModifierArguments (ModifierId, Name, Type, Value)
VALUES ('MEDIEVAL_NAVAL_MELEE_PRODUCTION', 'EraType', 'ARGTYPE_IDENTITY', 'ERA_MEDIEVAL');
INSERT INTO ModifierArguments (ModifierId, Name, Type, Value)
VALUES ('MEDIEVAL_NAVAL_MELEE_PRODUCTION', 'UnitPromotionClass', 'ARGTYPE_IDENTITY', 'PROMOTION_CLASS_NAVAL_MELEE');
INSERT INTO ModifierArguments (ModifierId, Name, Type, Value)
VALUES ('MEDIEVAL_NAVAL_MELEE_PRODUCTION', 'Amount', 'ARGTYPE_IDENTITY', '100');
INSERT INTO Modifiers (ModifierId, ModifierType, RunOnce, NewOnly, Permanent)
VALUES ('MODERN_NAVAL_MELEE_PRODUCTION', 'MODIFIER_PLAYER_CITIES_ADJUST_UNIT_TAG_ERA_PRODUCTION', 0, 0, 0);
INSERT INTO ModifierArguments (ModifierId, Name, Type, Value)
VALUES ('MODERN_NAVAL_MELEE_PRODUCTION', 'EraType', 'ARGTYPE_IDENTITY', 'ERA_MODERN');
INSERT INTO ModifierArguments (ModifierId, Name, Type, Value)
VALUES ('MODERN_NAVAL_MELEE_PRODUCTION', 'UnitPromotionClass', 'ARGTYPE_IDENTITY', 'PROMOTION_CLASS_NAVAL_MELEE');
INSERT INTO ModifierArguments (ModifierId, Name, Type, Value)
VALUES ('MODERN_NAVAL_MELEE_PRODUCTION', 'Amount', 'ARGTYPE_IDENTITY', '100');
INSERT INTO Modifiers (ModifierId, ModifierType, RunOnce, NewOnly, Permanent)
VALUES ('RENAISSANCE_NAVAL_MELEE_PRODUCTION', 'MODIFIER_PLAYER_CITIES_ADJUST_UNIT_TAG_ERA_PRODUCTION', 0, 0, 0);
INSERT INTO ModifierArguments (ModifierId, Name, Type, Value)
VALUES ('RENAISSANCE_NAVAL_MELEE_PRODUCTION', 'EraType', 'ARGTYPE_IDENTITY', 'ERA_RENAISSANCE');
INSERT INTO ModifierArguments (ModifierId, Name, Type, Value)
VALUES ('RENAISSANCE_NAVAL_MELEE_PRODUCTION', 'UnitPromotionClass', 'ARGTYPE_IDENTITY', 'PROMOTION_CLASS_NAVAL_MELEE');
INSERT INTO ModifierArguments (ModifierId, Name, Type, Value)
VALUES ('RENAISSANCE_NAVAL_MELEE_PRODUCTION', 'Amount', 'ARGTYPE_IDENTITY', '100');
INSERT INTO Modifiers (ModifierId, ModifierType, RunOnce, NewOnly, Permanent)
VALUES ('ANCIENT_NAVAL_RANGED_PRODUCTION', 'MODIFIER_PLAYER_CITIES_ADJUST_UNIT_TAG_ERA_PRODUCTION', 0, 0, 0);
INSERT INTO ModifierArguments (ModifierId, Name, Type, Value)
VALUES ('ANCIENT_NAVAL_RANGED_PRODUCTION', 'EraType', 'ARGTYPE_IDENTITY', 'ERA_ANCIENT');
INSERT INTO ModifierArguments (ModifierId, Name, Type, Value)
VALUES ('ANCIENT_NAVAL_RANGED_PRODUCTION', 'UnitPromotionClass', 'ARGTYPE_IDENTITY', 'PROMOTION_CLASS_NAVAL_RANGED');
INSERT INTO ModifierArguments (ModifierId, Name, Type, Value)
VALUES ('ANCIENT_NAVAL_RANGED_PRODUCTION', 'Amount', 'ARGTYPE_IDENTITY', '100');
INSERT INTO Modifiers (ModifierId, ModifierType, RunOnce, NewOnly, Permanent)
VALUES ('ATOMIC_NAVAL_RANGED_PRODUCTION', 'MODIFIER_PLAYER_CITIES_ADJUST_UNIT_TAG_ERA_PRODUCTION', 0, 0, 0);
INSERT INTO ModifierArguments (ModifierId, Name, Type, Value)
VALUES ('ATOMIC_NAVAL_RANGED_PRODUCTION', 'EraType', 'ARGTYPE_IDENTITY', 'ERA_ATOMIC');
INSERT INTO ModifierArguments (ModifierId, Name, Type, Value)
VALUES ('ATOMIC_NAVAL_RANGED_PRODUCTION', 'UnitPromotionClass', 'ARGTYPE_IDENTITY', 'PROMOTION_CLASS_NAVAL_RANGED');
INSERT INTO ModifierArguments (ModifierId, Name, Type, Value)
VALUES ('ATOMIC_NAVAL_RANGED_PRODUCTION', 'Amount', 'ARGTYPE_IDENTITY', '100');
INSERT INTO Modifiers (ModifierId, ModifierType, RunOnce, NewOnly, Permanent)
VALUES ('CLASSICAL_NAVAL_RANGED_PRODUCTION', 'MODIFIER_PLAYER_CITIES_ADJUST_UNIT_TAG_ERA_PRODUCTION', 0, 0, 0);
INSERT INTO ModifierArguments (ModifierId, Name, Type, Value)
VALUES ('CLASSICAL_NAVAL_RANGED_PRODUCTION', 'EraType', 'ARGTYPE_IDENTITY', 'ERA_CLASSICAL');
INSERT INTO ModifierArguments (ModifierId, Name, Type, Value)
VALUES ('CLASSICAL_NAVAL_RANGED_PRODUCTION', 'UnitPromotionClass', 'ARGTYPE_IDENTITY', 'PROMOTION_CLASS_NAVAL_RANGED');
INSERT INTO ModifierArguments (ModifierId, Name, Type, Value)
VALUES ('CLASSICAL_NAVAL_RANGED_PRODUCTION', 'Amount', 'ARGTYPE_IDENTITY', '100');
INSERT INTO Modifiers (ModifierId, ModifierType, RunOnce, NewOnly, Permanent)
VALUES ('INDUSTRIAL_NAVAL_RANGED_PRODUCTION', 'MODIFIER_PLAYER_CITIES_ADJUST_UNIT_TAG_ERA_PRODUCTION', 0, 0, 0);
INSERT INTO ModifierArguments (ModifierId, Name, Type, Value)
VALUES ('INDUSTRIAL_NAVAL_RANGED_PRODUCTION', 'EraType', 'ARGTYPE_IDENTITY', 'ERA_INDUSTRIAL');
INSERT INTO ModifierArguments (ModifierId, Name, Type, Value)
VALUES ('INDUSTRIAL_NAVAL_RANGED_PRODUCTION', 'UnitPromotionClass', 'ARGTYPE_IDENTITY', 'PROMOTION_CLASS_NAVAL_RANGED');
INSERT INTO ModifierArguments (ModifierId, Name, Type, Value)
VALUES ('INDUSTRIAL_NAVAL_RANGED_PRODUCTION', 'Amount', 'ARGTYPE_IDENTITY', '100');
INSERT INTO Modifiers (ModifierId, ModifierType, RunOnce, NewOnly, Permanent)
VALUES ('INFORMATION_NAVAL_RANGED_PRODUCTION', 'MODIFIER_PLAYER_CITIES_ADJUST_UNIT_TAG_ERA_PRODUCTION', 0, 0, 0);
INSERT INTO ModifierArguments (ModifierId, Name, Type, Value)
VALUES ('INFORMATION_NAVAL_RANGED_PRODUCTION', 'EraType', 'ARGTYPE_IDENTITY', 'ERA_INFORMATION');
INSERT INTO ModifierArguments (ModifierId, Name, Type, Value)
VALUES ('INFORMATION_NAVAL_RANGED_PRODUCTION', 'UnitPromotionClass', 'ARGTYPE_IDENTITY', 'PROMOTION_CLASS_NAVAL_RANGED');
INSERT INTO ModifierArguments (ModifierId, Name, Type, Value)
VALUES ('INFORMATION_NAVAL_RANGED_PRODUCTION', 'Amount', 'ARGTYPE_IDENTITY', '100');
INSERT INTO Modifiers (ModifierId, ModifierType, RunOnce, NewOnly, Permanent)
VALUES ('MEDIEVAL_NAVAL_RANGED_PRODUCTION', 'MODIFIER_PLAYER_CITIES_ADJUST_UNIT_TAG_ERA_PRODUCTION', 0, 0, 0);
INSERT INTO ModifierArguments (ModifierId, Name, Type, Value)
VALUES ('MEDIEVAL_NAVAL_RANGED_PRODUCTION', 'EraType', 'ARGTYPE_IDENTITY', 'ERA_MEDIEVAL');
INSERT INTO ModifierArguments (ModifierId, Name, Type, Value)
VALUES ('MEDIEVAL_NAVAL_RANGED_PRODUCTION', 'UnitPromotionClass', 'ARGTYPE_IDENTITY', 'PROMOTION_CLASS_NAVAL_RANGED');
INSERT INTO ModifierArguments (ModifierId, Name, Type, Value)
VALUES ('MEDIEVAL_NAVAL_RANGED_PRODUCTION', 'Amount', 'ARGTYPE_IDENTITY', '100');
INSERT INTO Modifiers (ModifierId, ModifierType, RunOnce, NewOnly, Permanent)
VALUES ('MODERN_NAVAL_RANGED_PRODUCTION', 'MODIFIER_PLAYER_CITIES_ADJUST_UNIT_TAG_ERA_PRODUCTION', 0, 0, 0);
INSERT INTO ModifierArguments (ModifierId, Name, Type, Value)
VALUES ('MODERN_NAVAL_RANGED_PRODUCTION', 'EraType', 'ARGTYPE_IDENTITY', 'ERA_MODERN');
INSERT INTO ModifierArguments (ModifierId, Name, Type, Value)
VALUES ('MODERN_NAVAL_RANGED_PRODUCTION', 'UnitPromotionClass', 'ARGTYPE_IDENTITY', 'PROMOTION_CLASS_NAVAL_RANGED');
INSERT INTO ModifierArguments (ModifierId, Name, Type, Value)
VALUES ('MODERN_NAVAL_RANGED_PRODUCTION', 'Amount', 'ARGTYPE_IDENTITY', '100');
INSERT INTO Modifiers (ModifierId, ModifierType, RunOnce, NewOnly, Permanent)
VALUES ('RENAISSANCE_NAVAL_RANGED_PRODUCTION', 'MODIFIER_PLAYER_CITIES_ADJUST_UNIT_TAG_ERA_PRODUCTION', 0, 0, 0);
INSERT INTO ModifierArguments (ModifierId, Name, Type, Value)
VALUES ('RENAISSANCE_NAVAL_RANGED_PRODUCTION', 'EraType', 'ARGTYPE_IDENTITY', 'ERA_RENAISSANCE');
INSERT INTO ModifierArguments (ModifierId, Name, Type, Value)
VALUES ('RENAISSANCE_NAVAL_RANGED_PRODUCTION', 'UnitPromotionClass', 'ARGTYPE_IDENTITY', 'PROMOTION_CLASS_NAVAL_RANGED');
INSERT INTO ModifierArguments (ModifierId, Name, Type, Value)
VALUES ('RENAISSANCE_NAVAL_RANGED_PRODUCTION', 'Amount', 'ARGTYPE_IDENTITY', '100');
INSERT INTO Modifiers (ModifierId, ModifierType, RunOnce, NewOnly, Permanent)
VALUES ('ANCIENT_NAVAL_RAIDER_PRODUCTION', 'MODIFIER_PLAYER_CITIES_ADJUST_UNIT_TAG_ERA_PRODUCTION', 0, 0, 0);
INSERT INTO ModifierArguments (ModifierId, Name, Type, Value)
VALUES ('ANCIENT_NAVAL_RAIDER_PRODUCTION', 'EraType', 'ARGTYPE_IDENTITY', 'ERA_ANCIENT');
INSERT INTO ModifierArguments (ModifierId, Name, Type, Value)
VALUES ('ANCIENT_NAVAL_RAIDER_PRODUCTION', 'UnitPromotionClass', 'ARGTYPE_IDENTITY', 'PROMOTION_CLASS_NAVAL_RAIDER');
INSERT INTO ModifierArguments (ModifierId, Name, Type, Value)
VALUES ('ANCIENT_NAVAL_RAIDER_PRODUCTION', 'Amount', 'ARGTYPE_IDENTITY', '100');
INSERT INTO Modifiers (ModifierId, ModifierType, RunOnce, NewOnly, Permanent)
VALUES ('ATOMIC_NAVAL_RAIDER_PRODUCTION', 'MODIFIER_PLAYER_CITIES_ADJUST_UNIT_TAG_ERA_PRODUCTION', 0, 0, 0);
INSERT INTO ModifierArguments (ModifierId, Name, Type, Value)
VALUES ('ATOMIC_NAVAL_RAIDER_PRODUCTION', 'EraType', 'ARGTYPE_IDENTITY', 'ERA_ATOMIC');
INSERT INTO ModifierArguments (ModifierId, Name, Type, Value)
VALUES ('ATOMIC_NAVAL_RAIDER_PRODUCTION', 'UnitPromotionClass', 'ARGTYPE_IDENTITY', 'PROMOTION_CLASS_NAVAL_RAIDER');
INSERT INTO ModifierArguments (ModifierId, Name, Type, Value)
VALUES ('ATOMIC_NAVAL_RAIDER_PRODUCTION', 'Amount', 'ARGTYPE_IDENTITY', '100');
INSERT INTO Modifiers (ModifierId, ModifierType, RunOnce, NewOnly, Permanent)
VALUES ('CLASSICAL_NAVAL_RAIDER_PRODUCTION', 'MODIFIER_PLAYER_CITIES_ADJUST_UNIT_TAG_ERA_PRODUCTION', 0, 0, 0);
INSERT INTO ModifierArguments (ModifierId, Name, Type, Value)
VALUES ('CLASSICAL_NAVAL_RAIDER_PRODUCTION', 'EraType', 'ARGTYPE_IDENTITY', 'ERA_CLASSICAL');
INSERT INTO ModifierArguments (ModifierId, Name, Type, Value)
VALUES ('CLASSICAL_NAVAL_RAIDER_PRODUCTION', 'UnitPromotionClass', 'ARGTYPE_IDENTITY', 'PROMOTION_CLASS_NAVAL_RAIDER');
INSERT INTO ModifierArguments (ModifierId, Name, Type, Value)
VALUES ('CLASSICAL_NAVAL_RAIDER_PRODUCTION', 'Amount', 'ARGTYPE_IDENTITY', '100');
INSERT INTO Modifiers (ModifierId, ModifierType, RunOnce, NewOnly, Permanent)
VALUES ('INDUSTRIAL_NAVAL_RAIDER_PRODUCTION', 'MODIFIER_PLAYER_CITIES_ADJUST_UNIT_TAG_ERA_PRODUCTION', 0, 0, 0);
INSERT INTO ModifierArguments (ModifierId, Name, Type, Value)
VALUES ('INDUSTRIAL_NAVAL_RAIDER_PRODUCTION', 'EraType', 'ARGTYPE_IDENTITY', 'ERA_INDUSTRIAL');
INSERT INTO ModifierArguments (ModifierId, Name, Type, Value)
VALUES ('INDUSTRIAL_NAVAL_RAIDER_PRODUCTION', 'UnitPromotionClass', 'ARGTYPE_IDENTITY', 'PROMOTION_CLASS_NAVAL_RAIDER');
INSERT INTO ModifierArguments (ModifierId, Name, Type, Value)
VALUES ('INDUSTRIAL_NAVAL_RAIDER_PRODUCTION', 'Amount', 'ARGTYPE_IDENTITY', '100');
INSERT INTO Modifiers (ModifierId, ModifierType, RunOnce, NewOnly, Permanent)
VALUES ('INFORMATION_NAVAL_RAIDER_PRODUCTION', 'MODIFIER_PLAYER_CITIES_ADJUST_UNIT_TAG_ERA_PRODUCTION', 0, 0, 0);
INSERT INTO ModifierArguments (ModifierId, Name, Type, Value)
VALUES ('INFORMATION_NAVAL_RAIDER_PRODUCTION', 'EraType', 'ARGTYPE_IDENTITY', 'ERA_INFORMATION');
INSERT INTO ModifierArguments (ModifierId, Name, Type, Value)
VALUES ('INFORMATION_NAVAL_RAIDER_PRODUCTION', 'UnitPromotionClass', 'ARGTYPE_IDENTITY', 'PROMOTION_CLASS_NAVAL_RAIDER');
INSERT INTO ModifierArguments (ModifierId, Name, Type, Value)
VALUES ('INFORMATION_NAVAL_RAIDER_PRODUCTION', 'Amount', 'ARGTYPE_IDENTITY', '100');
INSERT INTO Modifiers (ModifierId, ModifierType, RunOnce, NewOnly, Permanent)
VALUES ('MEDIEVAL_NAVAL_RAIDER_PRODUCTION', 'MODIFIER_PLAYER_CITIES_ADJUST_UNIT_TAG_ERA_PRODUCTION', 0, 0, 0);
INSERT INTO ModifierArguments (ModifierId, Name, Type, Value)
VALUES ('MEDIEVAL_NAVAL_RAIDER_PRODUCTION', 'EraType', 'ARGTYPE_IDENTITY', 'ERA_MEDIEVAL');
INSERT INTO ModifierArguments (ModifierId, Name, Type, Value)
VALUES ('MEDIEVAL_NAVAL_RAIDER_PRODUCTION', 'UnitPromotionClass', 'ARGTYPE_IDENTITY', 'PROMOTION_CLASS_NAVAL_RAIDER');
INSERT INTO ModifierArguments (ModifierId, Name, Type, Value)
VALUES ('MEDIEVAL_NAVAL_RAIDER_PRODUCTION', 'Amount', 'ARGTYPE_IDENTITY', '100');
INSERT INTO Modifiers (ModifierId, ModifierType, RunOnce, NewOnly, Permanent)
VALUES ('MODERN_NAVAL_RAIDER_PRODUCTION', 'MODIFIER_PLAYER_CITIES_ADJUST_UNIT_TAG_ERA_PRODUCTION', 0, 0, 0);
INSERT INTO ModifierArguments (ModifierId, Name, Type, Value)
VALUES ('MODERN_NAVAL_RAIDER_PRODUCTION', 'EraType', 'ARGTYPE_IDENTITY', 'ERA_MODERN');
INSERT INTO ModifierArguments (ModifierId, Name, Type, Value)
VALUES ('MODERN_NAVAL_RAIDER_PRODUCTION', 'UnitPromotionClass', 'ARGTYPE_IDENTITY', 'PROMOTION_CLASS_NAVAL_RAIDER');
INSERT INTO ModifierArguments (ModifierId, Name, Type, Value)
VALUES ('MODERN_NAVAL_RAIDER_PRODUCTION', 'Amount', 'ARGTYPE_IDENTITY', '100');
INSERT INTO Modifiers (ModifierId, ModifierType, RunOnce, NewOnly, Permanent)
VALUES ('RENAISSANCE_NAVAL_RAIDER_PRODUCTION', 'MODIFIER_PLAYER_CITIES_ADJUST_UNIT_TAG_ERA_PRODUCTION', 0, 0, 0);
INSERT INTO ModifierArguments (ModifierId, Name, Type, Value)
VALUES ('RENAISSANCE_NAVAL_RAIDER_PRODUCTION', 'EraType', 'ARGTYPE_IDENTITY', 'ERA_RENAISSANCE');
INSERT INTO ModifierArguments (ModifierId, Name, Type, Value)
VALUES ('RENAISSANCE_NAVAL_RAIDER_PRODUCTION', 'UnitPromotionClass', 'ARGTYPE_IDENTITY', 'PROMOTION_CLASS_NAVAL_RAIDER');
INSERT INTO ModifierArguments (ModifierId, Name, Type, Value)
VALUES ('RENAISSANCE_NAVAL_RAIDER_PRODUCTION', 'Amount', 'ARGTYPE_IDENTITY', '100');
INSERT INTO Modifiers (ModifierId, ModifierType, RunOnce, NewOnly, Permanent)
VALUES ('ANCIENT_NAVAL_CARRIER_PRODUCTION', 'MODIFIER_PLAYER_CITIES_ADJUST_UNIT_TAG_ERA_PRODUCTION', 0, 0, 0);
INSERT INTO ModifierArguments (ModifierId, Name, Type, Value)
VALUES ('ANCIENT_NAVAL_CARRIER_PRODUCTION', 'EraType', 'ARGTYPE_IDENTITY', 'ERA_ANCIENT');
INSERT INTO ModifierArguments (ModifierId, Name, Type, Value)
VALUES ('ANCIENT_NAVAL_CARRIER_PRODUCTION', 'UnitPromotionClass', 'ARGTYPE_IDENTITY', 'PROMOTION_CLASS_NAVAL_CARRIER');
INSERT INTO ModifierArguments (ModifierId, Name, Type, Value)
VALUES ('ANCIENT_NAVAL_CARRIER_PRODUCTION', 'Amount', 'ARGTYPE_IDENTITY', '100');
INSERT INTO Modifiers (ModifierId, ModifierType, RunOnce, NewOnly, Permanent)
VALUES ('ATOMIC_NAVAL_CARRIER_PRODUCTION', 'MODIFIER_PLAYER_CITIES_ADJUST_UNIT_TAG_ERA_PRODUCTION', 0, 0, 0);
INSERT INTO ModifierArguments (ModifierId, Name, Type, Value)
VALUES ('ATOMIC_NAVAL_CARRIER_PRODUCTION', 'EraType', 'ARGTYPE_IDENTITY', 'ERA_ATOMIC');
INSERT INTO ModifierArguments (ModifierId, Name, Type, Value)
VALUES ('ATOMIC_NAVAL_CARRIER_PRODUCTION', 'UnitPromotionClass', 'ARGTYPE_IDENTITY', 'PROMOTION_CLASS_NAVAL_CARRIER');
INSERT INTO ModifierArguments (ModifierId, Name, Type, Value)
VALUES ('ATOMIC_NAVAL_CARRIER_PRODUCTION', 'Amount', 'ARGTYPE_IDENTITY', '100');
INSERT INTO Modifiers (ModifierId, ModifierType, RunOnce, NewOnly, Permanent)
VALUES ('CLASSICAL_NAVAL_CARRIER_PRODUCTION', 'MODIFIER_PLAYER_CITIES_ADJUST_UNIT_TAG_ERA_PRODUCTION', 0, 0, 0);
INSERT INTO ModifierArguments (ModifierId, Name, Type, Value)
VALUES ('CLASSICAL_NAVAL_CARRIER_PRODUCTION', 'EraType', 'ARGTYPE_IDENTITY', 'ERA_CLASSICAL');
INSERT INTO ModifierArguments (ModifierId, Name, Type, Value)
VALUES ('CLASSICAL_NAVAL_CARRIER_PRODUCTION', 'UnitPromotionClass', 'ARGTYPE_IDENTITY', 'PROMOTION_CLASS_NAVAL_CARRIER');
INSERT INTO ModifierArguments (ModifierId, Name, Type, Value)
VALUES ('CLASSICAL_NAVAL_CARRIER_PRODUCTION', 'Amount', 'ARGTYPE_IDENTITY', '100');
INSERT INTO Modifiers (ModifierId, ModifierType, RunOnce, NewOnly, Permanent)
VALUES ('INDUSTRIAL_NAVAL_CARRIER_PRODUCTION', 'MODIFIER_PLAYER_CITIES_ADJUST_UNIT_TAG_ERA_PRODUCTION', 0, 0, 0);
INSERT INTO ModifierArguments (ModifierId, Name, Type, Value)
VALUES ('INDUSTRIAL_NAVAL_CARRIER_PRODUCTION', 'EraType', 'ARGTYPE_IDENTITY', 'ERA_INDUSTRIAL');
INSERT INTO ModifierArguments (ModifierId, Name, Type, Value)
VALUES ('INDUSTRIAL_NAVAL_CARRIER_PRODUCTION', 'UnitPromotionClass', 'ARGTYPE_IDENTITY', 'PROMOTION_CLASS_NAVAL_CARRIER');
INSERT INTO ModifierArguments (ModifierId, Name, Type, Value)
VALUES ('INDUSTRIAL_NAVAL_CARRIER_PRODUCTION', 'Amount', 'ARGTYPE_IDENTITY', '100');
INSERT INTO Modifiers (ModifierId, ModifierType, RunOnce, NewOnly, Permanent)
VALUES ('INFORMATION_NAVAL_CARRIER_PRODUCTION', 'MODIFIER_PLAYER_CITIES_ADJUST_UNIT_TAG_ERA_PRODUCTION', 0, 0, 0);
INSERT INTO ModifierArguments (ModifierId, Name, Type, Value)
VALUES ('INFORMATION_NAVAL_CARRIER_PRODUCTION', 'EraType', 'ARGTYPE_IDENTITY', 'ERA_INFORMATION');
INSERT INTO ModifierArguments (ModifierId, Name, Type, Value)
VALUES ('INFORMATION_NAVAL_CARRIER_PRODUCTION', 'UnitPromotionClass', 'ARGTYPE_IDENTITY', 'PROMOTION_CLASS_NAVAL_CARRIER');
INSERT INTO ModifierArguments (ModifierId, Name, Type, Value)
VALUES ('INFORMATION_NAVAL_CARRIER_PRODUCTION', 'Amount', 'ARGTYPE_IDENTITY', '100');
INSERT INTO Modifiers (ModifierId, ModifierType, RunOnce, NewOnly, Permanent)
VALUES ('MEDIEVAL_NAVAL_CARRIER_PRODUCTION', 'MODIFIER_PLAYER_CITIES_ADJUST_UNIT_TAG_ERA_PRODUCTION', 0, 0, 0);
INSERT INTO ModifierArguments (ModifierId, Name, Type, Value)
VALUES ('MEDIEVAL_NAVAL_CARRIER_PRODUCTION', 'EraType', 'ARGTYPE_IDENTITY', 'ERA_MEDIEVAL');
INSERT INTO ModifierArguments (ModifierId, Name, Type, Value)
VALUES ('MEDIEVAL_NAVAL_CARRIER_PRODUCTION', 'UnitPromotionClass', 'ARGTYPE_IDENTITY', 'PROMOTION_CLASS_NAVAL_CARRIER');
INSERT INTO ModifierArguments (ModifierId, Name, Type, Value)
VALUES ('MEDIEVAL_NAVAL_CARRIER_PRODUCTION', 'Amount', 'ARGTYPE_IDENTITY', '100');
INSERT INTO Modifiers (ModifierId, ModifierType, RunOnce, NewOnly, Permanent)
VALUES ('MODERN_NAVAL_CARRIER_PRODUCTION', 'MODIFIER_PLAYER_CITIES_ADJUST_UNIT_TAG_ERA_PRODUCTION', 0, 0, 0);
INSERT INTO ModifierArguments (ModifierId, Name, Type, Value)
VALUES ('MODERN_NAVAL_CARRIER_PRODUCTION', 'EraType', 'ARGTYPE_IDENTITY', 'ERA_MODERN');
INSERT INTO ModifierArguments (ModifierId, Name, Type, Value)
VALUES ('MODERN_NAVAL_CARRIER_PRODUCTION', 'UnitPromotionClass', 'ARGTYPE_IDENTITY', 'PROMOTION_CLASS_NAVAL_CARRIER');
INSERT INTO ModifierArguments (ModifierId, Name, Type, Value)
VALUES ('MODERN_NAVAL_CARRIER_PRODUCTION', 'Amount', 'ARGTYPE_IDENTITY', '100');
INSERT INTO Modifiers (ModifierId, ModifierType, RunOnce, NewOnly, Permanent)
VALUES ('RENAISSANCE_NAVAL_CARRIER_PRODUCTION', 'MODIFIER_PLAYER_CITIES_ADJUST_UNIT_TAG_ERA_PRODUCTION', 0, 0, 0);
INSERT INTO ModifierArguments (ModifierId, Name, Type, Value)
VALUES ('RENAISSANCE_NAVAL_CARRIER_PRODUCTION', 'EraType', 'ARGTYPE_IDENTITY', 'ERA_RENAISSANCE');
INSERT INTO ModifierArguments (ModifierId, Name, Type, Value)
VALUES ('RENAISSANCE_NAVAL_CARRIER_PRODUCTION', 'UnitPromotionClass', 'ARGTYPE_IDENTITY', 'PROMOTION_CLASS_NAVAL_CARRIER');
INSERT INTO ModifierArguments (ModifierId, Name, Type, Value)
VALUES ('RENAISSANCE_NAVAL_CARRIER_PRODUCTION', 'Amount', 'ARGTYPE_IDENTITY', '100');
INSERT INTO BuildingModifiers (BuildingType, ModifierId)
VALUES ('BUILDING_VENETIAN_ARSENAL', 'ANCIENT_NAVAL_MELEE_PRODUCTION');
INSERT INTO BuildingModifiers (BuildingType, ModifierId)
VALUES ('BUILDING_VENETIAN_ARSENAL', 'ATOMIC_NAVAL_MELEE_PRODUCTION');
INSERT INTO BuildingModifiers (BuildingType, ModifierId)
VALUES ('BUILDING_VENETIAN_ARSENAL', 'CLASSICAL_NAVAL_MELEE_PRODUCTION');
INSERT INTO BuildingModifiers (BuildingType, ModifierId)
VALUES ('BUILDING_VENETIAN_ARSENAL', 'INDUSTRIAL_NAVAL_MELEE_PRODUCTION');
INSERT INTO BuildingModifiers (BuildingType, ModifierId)
VALUES ('BUILDING_VENETIAN_ARSENAL', 'INFORMATION_NAVAL_MELEE_PRODUCTION');
INSERT INTO BuildingModifiers (BuildingType, ModifierId)
VALUES ('BUILDING_VENETIAN_ARSENAL', 'MEDIEVAL_NAVAL_MELEE_PRODUCTION');
INSERT INTO BuildingModifiers (BuildingType, ModifierId)
VALUES ('BUILDING_VENETIAN_ARSENAL', 'MODERN_NAVAL_MELEE_PRODUCTION');
INSERT INTO BuildingModifiers (BuildingType, ModifierId)
VALUES ('BUILDING_VENETIAN_ARSENAL', 'RENAISSANCE_NAVAL_MELEE_PRODUCTION');
INSERT INTO BuildingModifiers (BuildingType, ModifierId)
VALUES ('BUILDING_VENETIAN_ARSENAL', 'ANCIENT_NAVAL_RANGED_PRODUCTION');
INSERT INTO BuildingModifiers (BuildingType, ModifierId)
VALUES ('BUILDING_VENETIAN_ARSENAL', 'ATOMIC_NAVAL_RANGED_PRODUCTION');
INSERT INTO BuildingModifiers (BuildingType, ModifierId)
VALUES ('BUILDING_VENETIAN_ARSENAL', 'CLASSICAL_NAVAL_RANGED_PRODUCTION');
INSERT INTO BuildingModifiers (BuildingType, ModifierId)
VALUES ('BUILDING_VENETIAN_ARSENAL', 'INDUSTRIAL_NAVAL_RANGED_PRODUCTION');
INSERT INTO BuildingModifiers (BuildingType, ModifierId)
VALUES ('BUILDING_VENETIAN_ARSENAL', 'INFORMATION_NAVAL_RANGED_PRODUCTION');
INSERT INTO BuildingModifiers (BuildingType, ModifierId)
VALUES ('BUILDING_VENETIAN_ARSENAL', 'MEDIEVAL_NAVAL_RANGED_PRODUCTION');
INSERT INTO BuildingModifiers (BuildingType, ModifierId)
VALUES ('BUILDING_VENETIAN_ARSENAL', 'MODERN_NAVAL_RANGED_PRODUCTION');
INSERT INTO BuildingModifiers (BuildingType, ModifierId)
VALUES ('BUILDING_VENETIAN_ARSENAL', 'RENAISSANCE_NAVAL_RANGED_PRODUCTION');
INSERT INTO BuildingModifiers (BuildingType, ModifierId)
VALUES ('BUILDING_VENETIAN_ARSENAL', 'ANCIENT_NAVAL_RAIDER_PRODUCTION');
INSERT INTO BuildingModifiers (BuildingType, ModifierId)
VALUES ('BUILDING_VENETIAN_ARSENAL', 'ATOMIC_NAVAL_RAIDER_PRODUCTION');
INSERT INTO BuildingModifiers (BuildingType, ModifierId)
VALUES ('BUILDING_VENETIAN_ARSENAL', 'CLASSICAL_NAVAL_RAIDER_PRODUCTION');
INSERT INTO BuildingModifiers (BuildingType, ModifierId)
VALUES ('BUILDING_VENETIAN_ARSENAL', 'INDUSTRIAL_NAVAL_RAIDER_PRODUCTION');
INSERT INTO BuildingModifiers (BuildingType, ModifierId)
VALUES ('BUILDING_VENETIAN_ARSENAL', 'INFORMATION_NAVAL_RAIDER_PRODUCTION');
INSERT INTO BuildingModifiers (BuildingType, ModifierId)
VALUES ('BUILDING_VENETIAN_ARSENAL', 'MEDIEVAL_NAVAL_RAIDER_PRODUCTION');
INSERT INTO BuildingModifiers (BuildingType, ModifierId)
VALUES ('BUILDING_VENETIAN_ARSENAL', 'MODERN_NAVAL_RAIDER_PRODUCTION');
INSERT INTO BuildingModifiers (BuildingType, ModifierId)
VALUES ('BUILDING_VENETIAN_ARSENAL', 'RENAISSANCE_NAVAL_RAIDER_PRODUCTION');
INSERT INTO BuildingModifiers (BuildingType, ModifierId)
VALUES ('BUILDING_VENETIAN_ARSENAL', 'ANCIENT_NAVAL_CARRIER_PRODUCTION');
INSERT INTO BuildingModifiers (BuildingType, ModifierId)
VALUES ('BUILDING_VENETIAN_ARSENAL', 'ATOMIC_NAVAL_CARRIER_PRODUCTION');
INSERT INTO BuildingModifiers (BuildingType, ModifierId)
VALUES ('BUILDING_VENETIAN_ARSENAL', 'CLASSICAL_NAVAL_CARRIER_PRODUCTION');
INSERT INTO BuildingModifiers (BuildingType, ModifierId)
VALUES ('BUILDING_VENETIAN_ARSENAL', 'INDUSTRIAL_NAVAL_CARRIER_PRODUCTION');
INSERT INTO BuildingModifiers (BuildingType, ModifierId)
VALUES ('BUILDING_VENETIAN_ARSENAL', 'INFORMATION_NAVAL_CARRIER_PRODUCTION');
INSERT INTO BuildingModifiers (BuildingType, ModifierId)
VALUES ('BUILDING_VENETIAN_ARSENAL', 'MEDIEVAL_NAVAL_CARRIER_PRODUCTION');
INSERT INTO BuildingModifiers (BuildingType, ModifierId)
VALUES ('BUILDING_VENETIAN_ARSENAL', 'MODERN_NAVAL_CARRIER_PRODUCTION');
INSERT INTO BuildingModifiers (BuildingType, ModifierId)
VALUES ('BUILDING_VENETIAN_ARSENAL', 'RENAISSANCE_NAVAL_CARRIER_PRODUCTION');

--==============================================================
--******			W O N D E R S  (NATURAL)			  ******
--==============================================================
-- Several lack-luster wonders improved
UPDATE Features SET Settlement=1 WHERE FeatureType='FEATURE_CLIFFS_DOVER';
INSERT INTO Feature_YieldChanges (FeatureType, YieldType, YieldChange)
	VALUES ('FEATURE_PANTANAL', 'YIELD_SCIENCE', 2);
INSERT INTO Feature_YieldChanges (FeatureType, YieldType, YieldChange)
	VALUES ('FEATURE_DEAD_SEA', 'YIELD_FOOD', 2);
INSERT INTO Feature_YieldChanges (FeatureType, YieldType, YieldChange)
	VALUES ('FEATURE_CRATER_LAKE', 'YIELD_FOOD', 2);
UPDATE Feature_YieldChanges SET YieldChange=2 WHERE FeatureType='FEATURE_CRATER_LAKE' AND YieldType='YIELD_SCIENCE'; 
INSERT INTO Feature_AdjacentYields (FeatureType, YieldType, YieldChange)
	VALUES ('FEATURE_GALAPAGOS', 'YIELD_FOOD', 1);

--==============================================================
--******				    O T H E R					  ******
--==============================================================
-- increase number of turns on spy missions you tend to repeat
UPDATE UnitOperations SET Turns=50 WHERE OperationType='UNITOPERATION_SPY_COUNTERSPY' OR OperationType='UNITOPERATION_SPY_LISTENING_POST';
-- oil can be found on flat plains
INSERT INTO Resource_ValidTerrains (ResourceType, TerrainType)
	VALUES ('RESOURCE_OIL', 'TERRAIN_PLAINS');
-- incense +1 food
INSERT INTO Resource_YieldChanges (ResourceType, YieldType, YieldChange)
	VALUES ('RESOURCE_INCENSE', 'YIELD_FOOD', 1);
-- add 1 production to fishing boat improvement
UPDATE Improvement_YieldChanges SET YieldChange=1 WHERE ImprovementType='IMPROVEMENT_FISHING_BOATS' AND YieldType='YIELD_PRODUCTION';
-- Citizen specialists give +1 main yield
UPDATE District_CitizenYieldChanges SET YieldChange=3 WHERE YieldType='YIELD_CULTURE' 		AND DistrictType="DISTRICT_ACROPOLIS";
UPDATE District_CitizenYieldChanges SET YieldChange=3 WHERE YieldType='YIELD_SCIENCE' 		AND DistrictType="DISTRICT_CAMPUS";
UPDATE District_CitizenYieldChanges SET YieldChange=4 WHERE YieldType='YIELD_GOLD' 			AND DistrictType="DISTRICT_COMMERCIAL_HUB";
UPDATE District_CitizenYieldChanges SET YieldChange=2 WHERE YieldType='YIELD_PRODUCTION' 	AND DistrictType="DISTRICT_ENCAMPMENT";
UPDATE District_CitizenYieldChanges SET YieldChange=3 WHERE YieldType='YIELD_PRODUCTION' 	AND DistrictType="DISTRICT_HANSA";
UPDATE District_CitizenYieldChanges SET YieldChange=3 WHERE YieldType='YIELD_GOLD' 			AND DistrictType="DISTRICT_HARBOR";
UPDATE District_CitizenYieldChanges SET YieldChange=3 WHERE YieldType='YIELD_FAITH' 		AND DistrictType="DISTRICT_HOLY_SITE";
UPDATE District_CitizenYieldChanges SET YieldChange=3 WHERE YieldType='YIELD_PRODUCTION' 	AND DistrictType="DISTRICT_INDUSTRIAL_ZONE";
UPDATE District_CitizenYieldChanges SET YieldChange=3 WHERE YieldType='YIELD_FAITH' 		AND DistrictType="DISTRICT_LAVRA";
UPDATE District_CitizenYieldChanges SET YieldChange=3 WHERE YieldType='YIELD_GOLD' 			AND DistrictType="DISTRICT_ROYAL_NAVY_DOCKYARD";
UPDATE District_CitizenYieldChanges SET YieldChange=3 WHERE YieldType='YIELD_CULTURE' 		AND DistrictType="DISTRICT_THEATER";
--****		REQUIREMENTS		****--
INSERT INTO Requirements
	(RequirementId , RequirementType)
	VALUES
	('PLAYER_HAS_MEDIEVAL_FAIRES_CPLMOD', 	'REQUIREMENT_PLAYER_HAS_CIVIC'),
	('PLAYER_HAS_URBANIZATION_CPLMOD', 		'REQUIREMENT_PLAYER_HAS_CIVIC'),
	('PLAYER_HAS_BANKING_CPLMOD'   , 		'REQUIREMENT_PLAYER_HAS_TECHNOLOGY'),
	('PLAYER_HAS_ECONOMICS_CPLMOD' , 		'REQUIREMENT_PLAYER_HAS_TECHNOLOGY');
INSERT INTO RequirementArguments
	(RequirementId , Name , Value)
	VALUES
	('PLAYER_HAS_MEDIEVAL_FAIRES_CPLMOD',	'CivicType', 		'CIVIC_MEDIEVAL_FAIRES'  ),
	('PLAYER_HAS_URBANIZATION_CPLMOD', 	 	'CivicType', 		'CIVIC_URBANIZATION'),
	('PLAYER_HAS_BANKING_CPLMOD'   , 		'TechnologyType', 	'TECH_BANKING'  ),
	('PLAYER_HAS_ECONOMICS_CPLMOD' , 		'TechnologyType', 	'TECH_ECONOMICS');
insert into RequirementSets (RequirementSetId, RequirementSetType) values ('PLAYER_HAS_URBANIZATION_REQUIREMENTS', 'REQUIREMENTSET_TEST_ALL');
insert into RequirementSetRequirements (RequirementSetId, RequirementId)
values ('PLAYER_HAS_URBANIZATION_REQUIREMENTS', 'PLAYER_HAS_URBANIZATION_CPLMOD');
