--==============================================================
--******			C I V I L I Z A T I O N S			  ******
--==============================================================

--==================
-- Poland
--==================
-- Poland's Winged Hussar moved to Reformed Church
UPDATE Units SET PrereqCivic='CIVIC_REFORMED_CHURCH' WHERE UnitType='UNIT_POLISH_HUSSAR';
-- Poland gets a relic when founding and completing a religion
--Grants Relic Upon Founding Religion
INSERT INTO Modifiers (ModifierId , ModifierType , SubjectRequirementSetId , RunOnce , Permanent)
	VALUES ('TRAIT_LITHUANIANUNION_FOUND_RELIGION_RELIC_CPLMOD' , 'MODIFIER_PLAYER_GRANT_RELIC' , 'PLAYER_FOUNDED_RELIGION_RELIC_CPLMOD' , 1 , 1);	
INSERT INTO ModifierArguments (ModifierId , Name , Value)
	VALUES ('TRAIT_LITHUANIANUNION_FOUND_RELIGION_RELIC_CPLMOD' , 'Amount' , '1');
INSERT INTO TraitModifiers (TraitType , ModifierId)
	VALUES ('TRAIT_LEADER_LITHUANIAN_UNION' , 'TRAIT_LITHUANIANUNION_FOUND_RELIGION_RELIC_CPLMOD');
INSERT INTO RequirementSets (RequirementSetId , RequirementSetType)
	VALUES ('PLAYER_FOUNDED_RELIGION_RELIC_CPLMOD' , 'REQUIREMENTSET_TEST_ALL');	
INSERT INTO RequirementSetRequirements (RequirementSetId , RequirementId)
	VALUES ('PLAYER_FOUNDED_RELIGION_RELIC_CPLMOD' , 'REQUIRES_FOUNDED_RELIGION_BBG');
--Grants Relic Upon completing Religion
INSERT INTO Modifiers (ModifierId , ModifierType , SubjectRequirementSetId , RunOnce , Permanent)
	VALUES ('TRAIT_LITHUANIANUNION_COMPLETE_RELIGION_RELIC_CPLMOD' , 'MODIFIER_PLAYER_GRANT_RELIC' , 'REQUIRES_PLAYER_COMPLETED_RELIGION_RELIC_CPLMOD' , 1 , 1);
INSERT INTO ModifierArguments (ModifierId , Name , Value)
	VALUES ('TRAIT_LITHUANIANUNION_COMPLETE_RELIGION_RELIC_CPLMOD' , 'Amount' , '1');
INSERT INTO TraitModifiers (TraitType , ModifierId)
	VALUES ('TRAIT_LEADER_LITHUANIAN_UNION' , 'TRAIT_LITHUANIANUNION_COMPLETE_RELIGION_RELIC_CPLMOD');
INSERT INTO RequirementSets (RequirementSetId , RequirementSetType)
	VALUES ('REQUIRES_PLAYER_COMPLETED_RELIGION_RELIC_CPLMOD' , 'REQUIREMENTSET_TEST_ALL');
--Checks Requirement Set for each belief type
INSERT INTO RequirementSetRequirements (RequirementSetId , RequirementId)
	VALUES ('REQUIRES_PLAYER_COMPLETED_RELIGION_RELIC_CPLMOD' , 'RELIGION_HAS_FOUNDER_BELIEF_CPLMOD');
INSERT INTO RequirementSetRequirements (RequirementSetId , RequirementId)
	VALUES ('REQUIRES_PLAYER_COMPLETED_RELIGION_RELIC_CPLMOD' , 'RELIGION_HAS_WORSHIP_BELIEF_CPLMOD');
INSERT INTO RequirementSetRequirements (RequirementSetId , RequirementId)
	VALUES ('REQUIRES_PLAYER_COMPLETED_RELIGION_RELIC_CPLMOD' , 'RELIGION_HAS_ENHANCER_BELIEF_CPLMOD');
