--==============================================================
--******			C I V I L I Z A T I O N S			  ******
--==============================================================
--==================
-- America
--==================
-- Reduce combat strength of mustangs due to them already having many extra combat bonuses over fighters
UPDATE Units SET Combat=100 , RangedCombat=100 WHERE UnitType='UNIT_AMERICAN_P51';
-- rough rider is a cav replacement, so should cost horses
INSERT INTO Units_XP2 (UnitType , ResourceCost)
	VALUES ('UNIT_AMERICAN_ROUGH_RIDER' , 10);
UPDATE Units SET StrategicResource='RESOURCE_HORSES' WHERE UnitType='UNIT_AMERICAN_ROUGH_RIDER';


--==================
-- Brazil
--==================
-- custom lumbermill should get the GS change
UPDATE Improvement_YieldChanges SET YieldChange=2 WHERE ImprovementType='IMPROVEMENT_BRAZIL_LUMBER_MILL_BBG';
DELETE FROM Improvement_Adjacencies WHERE ImprovementType='IMPROVEMENT_BRAZIL_LUMBER_MILL_BBG' AND YieldChangeId='River_Prod_BBG';
INSERT INTO Improvement_BonusYieldChanges (Id, ImprovementType, YieldType, BonusYieldChange, PrereqTech) VALUES
	(976, 'IMPROVEMENT_BRAZIL_LUMBER_MILL_BBG', 'YIELD_PRODUCTION', 1, 'TECH_CYBERNETICS');


--==================
-- Canada
--==================
-- +1 food on tundra city centers
INSERT INTO Modifiers (ModifierId, ModifierType, SubjectRequirementSetId) VALUES
    ('BBG_TOUNDRA_CITY_EXTRA_FOOD', 'MODIFIER_PLAYER_ADJUST_PLOT_YIELD', 'PLOT_IS_TUNDRA_CITY_REQUIREMENTS'),
    ('BBG_TOUNDRA_HILLS_CITY_EXTRA_FOOD', 'MODIFIER_PLAYER_ADJUST_PLOT_YIELD', 'PLOT_IS_TUNDRA_HILL_CITY_REQUIREMENTS');
INSERT INTO ModifierArguments(ModifierId, Name, Value) VALUES
    ('BBG_TOUNDRA_CITY_EXTRA_FOOD', 'YieldType', 'YIELD_FOOD'),
    ('BBG_TOUNDRA_CITY_EXTRA_FOOD', 'Amount', '1'),
    ('BBG_TOUNDRA_HILLS_CITY_EXTRA_FOOD', 'YieldType', 'YIELD_FOOD'),
    ('BBG_TOUNDRA_HILLS_CITY_EXTRA_FOOD', 'Amount', '1');
INSERT INTO RequirementSets(RequirementSetId, RequirementSetType) VALUES
    ('PLOT_IS_TUNDRA_CITY_REQUIREMENTS', 'REQUIREMENTSET_TEST_ALL'),
    ('PLOT_IS_TUNDRA_HILL_CITY_REQUIREMENTS', 'REQUIREMENTSET_TEST_ALL');
INSERT INTO RequirementSetRequirements(RequirementSetId , RequirementId) VALUES
    ('PLOT_IS_TUNDRA_CITY_REQUIREMENTS', 'REQUIRES_PLOT_HAS_TUNDRA'),
    ('PLOT_IS_TUNDRA_CITY_REQUIREMENTS', 'BBG_REQUIRES_PLOT_IS_CITY_CENTER'),
    ('PLOT_IS_TUNDRA_HILL_CITY_REQUIREMENTS', 'REQUIRES_PLOT_HAS_TUNDRA_HILLS'),
    ('PLOT_IS_TUNDRA_HILL_CITY_REQUIREMENTS', 'BBG_REQUIRES_PLOT_IS_CITY_CENTER');
INSERT INTO TraitModifiers(TraitType , ModifierId) VALUES
    ('TRAIT_LEADER_LAST_BEST_WEST', 'BBG_TOUNDRA_CITY_EXTRA_FOOD'),
    ('TRAIT_LEADER_LAST_BEST_WEST', 'BBG_TOUNDRA_HILLS_CITY_EXTRA_FOOD');
-- national parks give food and prod
INSERT INTO TraitModifiers (TraitType , ModifierId)
	VALUES
	('TRAIT_LEADER_LAST_BEST_WEST'       , 'NATIONAL_PARK_FOOD_YIELDS_CPLMOD'   ),
	('TRAIT_LEADER_LAST_BEST_WEST'       , 'NATIONAL_PARK_PROD_YIELDS_CPLMOD'   );
INSERT INTO Modifiers (ModifierId , ModifierType , SubjectRequirementSetId , OwnerRequirementSetId)
	VALUES
	('NATIONAL_PARK_FOOD_YIELDS_CPLMOD'    , 'MODIFIER_PLAYER_CITIES_ADJUST_CITY_YIELD_CHANGE' , 'CITY_HAS_NATIONAL_PARK_REQUREMENTS'  , NULL),
	('NATIONAL_PARK_PROD_YIELDS_CPLMOD'    , 'MODIFIER_PLAYER_CITIES_ADJUST_CITY_YIELD_CHANGE' , 'CITY_HAS_NATIONAL_PARK_REQUREMENTS'  , NULL);
INSERT INTO ModifierArguments (ModifierId , Name , Value)
	VALUES
	('NATIONAL_PARK_FOOD_YIELDS_CPLMOD'    , 'YieldType' , 'YIELD_FOOD'      ),
	('NATIONAL_PARK_FOOD_YIELDS_CPLMOD'    , 'Amount'    , '4'               ),
	('NATIONAL_PARK_PROD_YIELDS_CPLMOD'    , 'YieldType' , 'YIELD_PRODUCTION'),
	('NATIONAL_PARK_PROD_YIELDS_CPLMOD'    , 'Amount'    , '4'               );
-- Hockey rink at Civil Service
UPDATE Improvements SET PrereqCivic='CIVIC_DIPLOMATIC_SERVICE' WHERE ImprovementType='IMPROVEMENT_ICE_HOCKEY_RINK';
-- Mounties get a base combat buff and combat buff from nearby parks radius increased
UPDATE Units SET Combat=70 , Cost=360 WHERE UnitType='UNIT_CANADA_MOUNTIE';
UPDATE RequirementArguments SET Value='4' WHERE RequirementId='UNIT_PARK_REQUIREMENT'       AND Name='MaxDistance';
UPDATE RequirementArguments SET Value='4' WHERE RequirementId='UNIT_OWNER_PARK_REQUIREMENT' AND Name='MaxDistance';



--==================
-- DIDO
--==================
UPDATE ModifierArguments SET Value='25' WHERE ModifierId='COTHON_NAVAL_UNIT_PRODUCTION' AND Name='Amount';
UPDATE ModifierArguments SET Value='25' WHERE ModifierId='COTHON_SETTLER_PRODUCTION' AND Name='Amount';
-- Delete Cothon full heal
UPDATE ModifierArguments SET Value='0' WHERE ModifierId='COTHON_HEALFRIENDLY' AND Name='Amount';
-- nerf settler PM to +1
UPDATE ModifierArguments SET Value='1' WHERE ModifierId='MEDITERRANEAN_COLONIES_EXTRA_MOVEMENT';



--==========
-- EGYPT
--==========
INSERT INTO Requirements (RequirementId, RequirementType)
	VALUES ('REQUIRES_PLOT_HAS_FLOODPLAINS_GRASSLAND', 'REQUIREMENT_PLOT_FEATURE_TYPE_MATCHES');
INSERT INTO Requirements (RequirementId, RequirementType)
	VALUES ('REQUIRES_PLOT_HAS_FLOODPLAINS_PLAINS', 'REQUIREMENT_PLOT_FEATURE_TYPE_MATCHES');
INSERT INTO RequirementArguments (RequirementId, Name, Value)
	VALUES ('REQUIRES_PLOT_HAS_FLOODPLAINS_GRASSLAND', 'FeatureType', 'FEATURE_FLOODPLAINS_GRASSLAND');
INSERT INTO RequirementArguments (RequirementId, Name, Value)
	VALUES ('REQUIRES_PLOT_HAS_FLOODPLAINS_PLAINS', 'FeatureType', 'FEATURE_FLOODPLAINS_PLAINS');
INSERT INTO RequirementSetRequirements (RequirementSetId, RequirementId)
	VALUES ('REQUIRES_PLOT_HAS_FLOODPLAINS_CPL', 'REQUIRES_PLOT_HAS_FLOODPLAINS_GRASSLAND');
INSERT INTO RequirementSetRequirements (RequirementSetId, RequirementId)
	VALUES ('REQUIRES_PLOT_HAS_FLOODPLAINS_CPL', 'REQUIRES_PLOT_HAS_FLOODPLAINS_PLAINS');



--==========
-- ELEANOR
--==========
-- great works give +1 science and +1 gold
/* only do it this way if we want this to only be on eleanor france
INSERT INTO Types (Type, King) VALUES ('TRAIT_LEADER_ELEANOR_GREAT_WORK_YIELDS_BBG', 'KIND_TRAIT');
INSERT INTO Traits (TraitType, Name, Description) VALUES
	('TRAIT_LEADER_ELEANOR_GREAT_WORK_YIELDS_BBG', 'TRAIT_LEADER_ELEANOR_GREAT_WORK_YIELDS_NAME_BBG', 'TRAIT_LEADER_ELEANOR_GREAT_WORK_YIELDS_DESC_BBG');
INSERT INTO LeaderTraits VALUES ('LEADER_ELEANOR_FRANCE', 'TRAIT_LEADER_ELEANOR_GREAT_WORK_YIELDS_BBG');
*/
/*INSERT INTO Modifiers (ModifierId, ModifierType) VALUES
	('ATTACH_GREAT_WORK_SCI_MODIFIER_BBG',  'MODIFIER_ALL_CITIES_ATTACH_MODIFIER'), --might have to use MODIFIER_PLAYER_CITIES_ATTACH_MODIFIER
	('ATTACH_GREAT_WORK_GOLD_MODIFIER_BBG', 'MODIFIER_ALL_CITIES_ATTACH_MODIFIER'),
	('GREAT_WORK_SCI_MODIFIER_BBG',  'MODIFIER_SINGLE_CITY_GRANT_YIELD_PER_GREAT_WORK'),
	('GREAT_WORK_GOLD_MODIFIER_BBG', 'MODIFIER_SINGLE_CITY_GRANT_YIELD_PER_GREAT_WORK');
INSERT INTO ModifierArguments (ModifierId, Name, Value) VALUES
	('ATTACH_GREAT_WORK_SCI_MODIFIER_BBG',  'ModifierId', 'GREAT_WORK_SCI_MODIFIER_BBG'),
	('ATTACH_GREAT_WORK_GOLD_MODIFIER_BBG', 'ModifierId', 'GREAT_WORK_GOLD_MODIFIER_BBG'),
	('GREAT_WORK_SCI_MODIFIER_BBG',  'YieldType', 'YIELD_SCIENCE'),
	('GREAT_WORK_GOLD_MODIFIER_BBG', 'YieldType', 'YIELD_GOLD'),
	('GREAT_WORK_SCI_MODIFIER_BBG',  'Amount', '1'),
	('GREAT_WORK_GOLD_MODIFIER_BBG', 'Amount', '1');
INSERT INTO TraitModifiers VALUES
	('TRAIT_LEADER_ELEANOR_LOYALTY', 'ATTACH_GREAT_WORK_SCI_MODIFIER_BBG'),
	('TRAIT_LEADER_ELEANOR_LOYALTY', 'ATTACH_GREAT_WORK_GOLD_MODIFIER_BBG');
-- +100% production for theater squares
INSERT INTO TraitModifiers (TraitType , ModifierId)
	VALUES
	('TRAIT_LEADER_ELEANOR_LOYALTY' , 'THEATER_BUILDING_PRODUCTION_BONUS_CPLMOD');
INSERT INTO Modifiers (ModifierId , ModifierType , SubjectRequirementSetId , OwnerRequirementSetId)
	VALUES
	('THEATER_BUILDING_PRODUCTION_BONUS_CPLMOD' , 'MODIFIER_PLAYER_CITIES_ADJUST_BUILDING_PRODUCTION' , NULL , NULL);
INSERT INTO ModifierArguments (ModifierId , Name , Value)
	VALUES
	('THEATER_BUILDING_PRODUCTION_BONUS_CPLMOD' , 'DistrictType' , 'DISTRICT_THEATER'),
	('THEATER_BUILDING_PRODUCTION_BONUS_CPLMOD' , 'Amount'       , '100');
*/
INSERT INTO Modifiers (ModifierId , ModifierType)
	SELECT GreatWorkObjectType || '_SCIENCE_BBG' , 'MODIFIER_PLAYER_CITIES_ADJUST_GREATWORK_YIELD'
	FROM GreatWorkObjectTypes
	WHERE GreatWorkObjectType NOT LIKE '%RELIC' AND GreatWorkObjectType NOT LIKE '%ARTIFACT';
INSERT INTO Modifiers (ModifierId , ModifierType)
	SELECT GreatWorkObjectType || '_GOLD_BBG' , 'MODIFIER_PLAYER_CITIES_ADJUST_GREATWORK_YIELD'
	FROM GreatWorkObjectTypes
	WHERE GreatWorkObjectType NOT LIKE '%RELIC' AND GreatWorkObjectType NOT LIKE '%ARTIFACT';

INSERT INTO ModifierArguments (ModifierId , Name , Value)
	SELECT GreatWorkObjectType || '_SCIENCE_BBG' , 'GreatWorkObjectType' , GreatWorkObjectType
	FROM GreatWorkObjectTypes
	WHERE GreatWorkObjectType NOT LIKE '%RELIC' AND GreatWorkObjectType NOT LIKE '%ARTIFACT';
INSERT INTO ModifierArguments (ModifierId , Name , Value)
	SELECT GreatWorkObjectType || '_GOLD_BBG' , 'GreatWorkObjectType' , GreatWorkObjectType
	FROM GreatWorkObjectTypes
	WHERE GreatWorkObjectType NOT LIKE '%RELIC' AND GreatWorkObjectType NOT LIKE '%ARTIFACT';

INSERT INTO ModifierArguments (ModifierId , Name , Value)
	SELECT GreatWorkObjectType || '_SCIENCE_BBG' , 'YieldType' , 'YIELD_SCIENCE'
	FROM GreatWorkObjectTypes
	WHERE GreatWorkObjectType NOT LIKE '%RELIC' AND GreatWorkObjectType NOT LIKE '%ARTIFACT';
INSERT INTO ModifierArguments (ModifierId , Name , Value)
	SELECT GreatWorkObjectType || '_GOLD_BBG' , 'YieldType' , 'YIELD_GOLD'
	FROM GreatWorkObjectTypes
	WHERE GreatWorkObjectType NOT LIKE '%RELIC' AND GreatWorkObjectType NOT LIKE '%ARTIFACT';

INSERT INTO ModifierArguments (ModifierId , Name , Value)
	SELECT GreatWorkObjectType || '_SCIENCE_BBG' , 'Amount' , 1
	FROM GreatWorkObjectTypes
	WHERE GreatWorkObjectType NOT LIKE '%RELIC' AND GreatWorkObjectType NOT LIKE '%ARTIFACT';
INSERT INTO ModifierArguments (ModifierId , Name , Value)
	SELECT GreatWorkObjectType || '_GOLD_BBG' , 'Amount' , 1
	FROM GreatWorkObjectTypes
	WHERE GreatWorkObjectType NOT LIKE '%RELIC' AND GreatWorkObjectType NOT LIKE '%ARTIFACT';

INSERT INTO TraitModifiers (ModifierId , TraitType)
	SELECT GreatWorkObjectType || '_SCIENCE_BBG' , 'TRAIT_LEADER_ELEANOR_LOYALTY'
	FROM GreatWorkObjectTypes
	WHERE GreatWorkObjectType NOT LIKE '%RELIC' AND GreatWorkObjectType NOT LIKE '%ARTIFACT';
INSERT INTO TraitModifiers (ModifierId , TraitType)
	SELECT GreatWorkObjectType || '_GOLD_BBG' , 'TRAIT_LEADER_ELEANOR_LOYALTY'
	FROM GreatWorkObjectTypes
	WHERE GreatWorkObjectType NOT LIKE '%RELIC' AND GreatWorkObjectType NOT LIKE '%ARTIFACT';



--==================
-- Hungary
--==================
-- only 1 envoy from levying city-states units
UPDATE ModifierArguments SET Value='1' WHERE ModifierId='LEVY_MILITARY_TWO_FREE_ENVOYS';
-- +3 combat bonus for levied units
UPDATE ModifierArguments SET Value='3' WHERE ModifierId='RAVEN_LEVY_COMBAT' AND Name='Amount';
-- Black Army only +2 combat strength from adjacent levied units
UPDATE ModifierArguments SET Value='2' WHERE ModifierId='BLACK_ARMY_ADJACENT_LEVY';
-- Only 1 extra movement for levied units
UPDATE ModifierArguments SET Value='1' WHERE ModifierId='RAVEN_LEVY_MOVEMENT';
-- Huszar +2 combat per suzed city-states
DELETE FROM UnitAbilityModifiers WHERE ModifierId='HUSZAR_ALLIES_COMBAT_BONUS';
INSERT INTO Requirements(RequirementId, RequirementType)
    SELECT 'BBG_PLAYER_IS_SUZERAIN_OF_' || LeaderType, 'REQUIREMENT_PLAYER_IS_SUZERAIN_OF_X'
    FROM Leaders
    WHERE InheritFrom IN
        ('LEADER_MINOR_CIV_CULTURAL', 'LEADER_MINOR_CIV_INDUSTRIAL', 'LEADER_MINOR_CIV_MILITARISTIC',
        'LEADER_MINOR_CIV_RELIGIOUS', 'LEADER_MINOR_CIV_SCIENTIFIC', 'LEADER_MINOR_CIV_TRADE');
INSERT INTO RequirementArguments(RequirementId, Name, Type, Value)
    SELECT 'BBG_PLAYER_IS_SUZERAIN_OF_' || LeaderType, 'LeaderType', 'ARGTYPE_IDENTITY', LeaderType
    FROM Leaders
    WHERE InheritFrom IN
        ('LEADER_MINOR_CIV_CULTURAL', 'LEADER_MINOR_CIV_INDUSTRIAL', 'LEADER_MINOR_CIV_MILITARISTIC',
        'LEADER_MINOR_CIV_RELIGIOUS', 'LEADER_MINOR_CIV_SCIENTIFIC', 'LEADER_MINOR_CIV_TRADE');
INSERT INTO RequirementSets(RequirementSetId, RequirementSetType)
    SELECT 'BBG_PLAYER_IS_SUZERAIN_OF_' || LeaderType || '_REQUIREMENTS', 'REQUIREMENTSET_TEST_ALL'
    FROM Leaders
    WHERE InheritFrom IN
        ('LEADER_MINOR_CIV_CULTURAL', 'LEADER_MINOR_CIV_INDUSTRIAL', 'LEADER_MINOR_CIV_MILITARISTIC',
        'LEADER_MINOR_CIV_RELIGIOUS', 'LEADER_MINOR_CIV_SCIENTIFIC', 'LEADER_MINOR_CIV_TRADE');
INSERT INTO RequirementSetRequirements(RequirementSetId, RequirementId)
    SELECT 'BBG_PLAYER_IS_SUZERAIN_OF_' || LeaderType || '_REQUIREMENTS', 'BBG_PLAYER_IS_SUZERAIN_OF_' || LeaderType
    FROM Leaders
    WHERE InheritFrom IN
        ('LEADER_MINOR_CIV_CULTURAL', 'LEADER_MINOR_CIV_INDUSTRIAL', 'LEADER_MINOR_CIV_MILITARISTIC',
        'LEADER_MINOR_CIV_RELIGIOUS', 'LEADER_MINOR_CIV_SCIENTIFIC', 'LEADER_MINOR_CIV_TRADE');
INSERT INTO Modifiers(ModifierId, ModifierType, SubjectRequirementSetId)
    SELECT 'BBG_MODIFIER_HUSZAR_SUZ_' || LeaderType, 'MODIFIER_UNIT_ADJUST_COMBAT_STRENGTH', 'BBG_PLAYER_IS_SUZERAIN_OF_' || LeaderType || '_REQUIREMENTS'
    FROM Leaders
    WHERE InheritFrom IN
        ('LEADER_MINOR_CIV_CULTURAL', 'LEADER_MINOR_CIV_INDUSTRIAL', 'LEADER_MINOR_CIV_MILITARISTIC',
        'LEADER_MINOR_CIV_RELIGIOUS', 'LEADER_MINOR_CIV_SCIENTIFIC', 'LEADER_MINOR_CIV_TRADE');
INSERT INTO ModifierStrings(ModifierId, Context, Text)
	SELECT 'BBG_MODIFIER_HUSZAR_SUZ_' || LeaderType, 'Preview', 'LOC_COMBAT_PREVIEW_NUMBER_ALLIES_BONUS_DESC'
	FROM Leaders
    WHERE InheritFrom IN
        ('LEADER_MINOR_CIV_CULTURAL', 'LEADER_MINOR_CIV_INDUSTRIAL', 'LEADER_MINOR_CIV_MILITARISTIC',
        'LEADER_MINOR_CIV_RELIGIOUS', 'LEADER_MINOR_CIV_SCIENTIFIC', 'LEADER_MINOR_CIV_TRADE');
INSERT INTO ModifierArguments(ModifierId, Name, Value)
    SELECT 'BBG_MODIFIER_HUSZAR_SUZ_' || LeaderType, 'Amount', '2'
    FROM Leaders
    WHERE InheritFrom IN
        ('LEADER_MINOR_CIV_CULTURAL', 'LEADER_MINOR_CIV_INDUSTRIAL', 'LEADER_MINOR_CIV_MILITARISTIC',
        'LEADER_MINOR_CIV_RELIGIOUS', 'LEADER_MINOR_CIV_SCIENTIFIC', 'LEADER_MINOR_CIV_TRADE');
INSERT INTO UnitAbilityModifiers(UnitAbilityType, ModifierId)
    SELECT 'ABILITY_HUSZAR', 'BBG_MODIFIER_HUSZAR_SUZ_' || LeaderType
    FROM Leaders
    WHERE InheritFrom IN
        ('LEADER_MINOR_CIV_CULTURAL', 'LEADER_MINOR_CIV_INDUSTRIAL', 'LEADER_MINOR_CIV_MILITARISTIC',
        'LEADER_MINOR_CIV_RELIGIOUS', 'LEADER_MINOR_CIV_SCIENTIFIC', 'LEADER_MINOR_CIV_TRADE');



--==========
-- Inca
--==========
-- +1 prod to mountains when inca gets in industrial era, not when game does
UPDATE Requirements SET RequirementType='REQUIREMENT_PLAYER_ERA_AT_LEAST' WHERE RequirementId='REQUIRES_ERA_ATLEASTEXPANSION_INDUSTRIAL';


--==================
-- Kongo
--==================
UPDATE Units_XP2 SET ResourceCost=10 WHERE UnitType='UNIT_KONGO_SHIELD_BEARER';


--==========
-- Mali
--==========



--==================
-- Maori
--==================
DELETE FROM TraitModifiers WHERE TraitType='TRAIT_LEADER_KUPES_VOYAGE' AND ModifierId='BUILDER_PRESETTLEMENT';
UPDATE Modifiers SET SubjectRequirementSetId='UNIT_IS_DOMAIN_LAND' WHERE ModifierId='TRAIT_MAORI_MANA_OCEAN';
INSERT INTO RequirementSetRequirements (RequirementSetId, RequirementId) VALUES 
	('VARU_ADJACENT_AT_WAR_REQUIREMENTS', 'REQUIRES_UNIT_IS_DOMAIN_LAND');
UPDATE Units SET Maintenance=2, Combat=40 WHERE UnitType='UNIT_MAORI_TOA';


--==================
-- Ottoman
--==================
-- +1 gov title for each gov plaza building
INSERT INTO RequirementSets(RequirementSetId , RequirementSetType) VALUES
	('PLAYER_IS_SULEIMAN_BBG', 'REQUIREMENTSET_TEST_ALL');
INSERT INTO RequirementSetRequirements(RequirementSetId , RequirementId) VALUES
	('PLAYER_IS_SULEIMAN_BBG', 'REQUIRES_PLAYER_IS_SULEIMAN_BBG');
INSERT INTO Requirements(RequirementId , RequirementType) VALUES
	('REQUIRES_PLAYER_IS_SULEIMAN_BBG' , 'REQUIREMENT_PLAYER_LEADER_TYPE_MATCHES');
INSERT INTO RequirementArguments(RequirementId , Name, Value) VALUES
	('REQUIRES_PLAYER_IS_SULEIMAN_BBG' , 'LeaderType', 'LEADER_SULEIMAN');
INSERT INTO Modifiers (ModifierId, ModifierType, RunOnce, SubjectRequirementSetId) VALUES
	('SULEIMAN_GOVERNOR_POINT_PER_GOV_BUILDING_BBG', 'MODIFIER_PLAYER_ADJUST_GOVERNOR_POINTS', 1, 'PLAYER_IS_SULEIMAN_BBG');
INSERT INTO ModifierArguments (ModifierId, Name, Value) VALUES
	('SULEIMAN_GOVERNOR_POINT_PER_GOV_BUILDING_BBG', 'Delta', '1');
INSERT INTO BuildingModifiers (BuildingType, ModifierId) VALUES
	('BUILDING_GOV_TALL'		, 'SULEIMAN_GOVERNOR_POINT_PER_GOV_BUILDING_BBG'),
	('BUILDING_GOV_WIDE'		, 'SULEIMAN_GOVERNOR_POINT_PER_GOV_BUILDING_BBG'),
	('BUILDING_GOV_CONQUEST'	, 'SULEIMAN_GOVERNOR_POINT_PER_GOV_BUILDING_BBG'),
	('BUILDING_GOV_CITYSTATES'	, 'SULEIMAN_GOVERNOR_POINT_PER_GOV_BUILDING_BBG'),
	('BUILDING_GOV_SPIES'		, 'SULEIMAN_GOVERNOR_POINT_PER_GOV_BUILDING_BBG'),
	('BUILDING_GOV_FAITH'		, 'SULEIMAN_GOVERNOR_POINT_PER_GOV_BUILDING_BBG'),
	('BUILDING_GOV_MILITARY'	, 'SULEIMAN_GOVERNOR_POINT_PER_GOV_BUILDING_BBG'),
	('BUILDING_GOV_CULTURE'		, 'SULEIMAN_GOVERNOR_POINT_PER_GOV_BUILDING_BBG'),
	('BUILDING_GOV_SCIENCE'		, 'SULEIMAN_GOVERNOR_POINT_PER_GOV_BUILDING_BBG');
-- siege units get +1 movement
INSERT INTO Modifiers (ModifierId, ModifierType) VALUES
	('GREAT_TURKISH_BOMBARD_MOVEMENT_BBG', 'MODIFIER_PLAYER_UNIT_ADJUST_MOVEMENT');
INSERT INTO ModifierArguments (ModifierId, Name, Value) VALUES
	('GREAT_TURKISH_BOMBARD_MOVEMENT_BBG', 'Amount', '1');
INSERT INTO UnitAbilityModifiers (UnitAbilityType, ModifierId) VALUES
	('ABILITY_GREAT_TURKISH_BOMBARD', 'GREAT_TURKISH_BOMBARD_MOVEMENT_BBG');
-- Great Bazaar is now a Market replacement
DELETE FROM BuildingPrereqs WHERE Building='BUILDING_GRAND_BAZAAR';
UPDATE BuildingReplaces SET ReplacesBuildingType='BUILDING_MARKET' WHERE CivUniqueBuildingType='BUILDING_GRAND_BAZAAR'; 
UPDATE Building_YieldChanges SET YieldChange=3 WHERE BuildingType='BUILDING_GRAND_BAZAAR';
UPDATE Buildings SET PrereqTech='TECH_CURRENCY', Cost=100 WHERE BuildingType='BUILDING_GRAND_BAZAAR';
INSERT INTO BuildingModifiers (BuildingType, ModifierId)
	VALUES ('BUILDING_GRAND_BAZAAR', 'MARKET_TRADE_ROUTE_CAPACITY');


--==================
-- Persia
--==================
UPDATE Units_XP2 SET ResourceCost=20 WHERE UnitType='UNIT_PERSIAN_IMMORTAL';



--==================
-- Rome
--==================
UPDATE Units_XP2 SET ResourceCost=20 WHERE UnitType='UNIT_ROMAN_LEGION';


--==================
-- Scotland
--==================
-- golf course gets only 1 amenity (GS made it 2)
DELETE FROM ImprovementModifiers WHERE ModifierId='GOLFCOURSE_AMENITIES';


--==================
-- Sumeria
--==================
INSERT INTO Units_XP2 (UnitType, ResourceCost) VALUES
	('UNIT_SUMERIAN_WAR_CART', 10);



--==================
-- Sweden
--==================
-- gov plaza gives adj districts +1 additional Great Person Point of their type
INSERT INTO Requirements (RequirementId, RequirementType) VALUES
	('REQUIRES_PLOT_ADJACENT_TO_GOV_PLAZA_BBG', 'REQUIREMENT_PLOT_ADJACENT_DISTRICT_TYPE_MATCHES');
INSERT INTO RequirementArguments (RequirementId, Name, Value) VALUES
	('REQUIRES_PLOT_ADJACENT_TO_GOV_PLAZA_BBG', 'DistrictType', 'DISTRICT_GOVERNMENT');
INSERT INTO RequirementSets VALUES
	('DISTRICT_IS_ENCAMPMENT_ADJ_TO_GOV_PLAZA_BBG'	, 'REQUIREMENTSET_TEST_ALL'),
	('DISTRICT_IS_HARBOR_ADJ_TO_GOV_PLAZA_BBG'		, 'REQUIREMENTSET_TEST_ALL'),
	('DISTRICT_IS_IZ_ADJ_TO_GOV_PLAZA_BBG'			, 'REQUIREMENTSET_TEST_ALL'),
	('DISTRICT_IS_COMM_HUB_ADJ_TO_GOV_PLAZA_BBG'	, 'REQUIREMENTSET_TEST_ALL'),
	('DISTRICT_IS_HOLY_SITE_ADJ_TO_GOV_PLAZA_BBG'	, 'REQUIREMENTSET_TEST_ALL'),
	('DISTRICT_IS_CAMPUS_ADJ_TO_GOV_PLAZA_BBG'		, 'REQUIREMENTSET_TEST_ALL'),
	('DISTRICT_IS_THEATER_ADJ_TO_GOV_PLAZA_BBG'		, 'REQUIREMENTSET_TEST_ALL');
INSERT INTO RequirementSetRequirements VALUES
	('DISTRICT_IS_ENCAMPMENT_ADJ_TO_GOV_PLAZA_BBG'	, 'REQUIRES_DISTRICT_IS_ENCAMPMENT'),
	('DISTRICT_IS_ENCAMPMENT_ADJ_TO_GOV_PLAZA_BBG'	, 'REQUIRES_PLOT_ADJACENT_TO_GOV_PLAZA_BBG'),
	('DISTRICT_IS_HARBOR_ADJ_TO_GOV_PLAZA_BBG'		, 'REQUIRES_DISTRICT_IS_HARBOR'),
	('DISTRICT_IS_HARBOR_ADJ_TO_GOV_PLAZA_BBG'		, 'REQUIRES_PLOT_ADJACENT_TO_GOV_PLAZA_BBG'),
	('DISTRICT_IS_IZ_ADJ_TO_GOV_PLAZA_BBG'			, 'REQUIRES_DISTRICT_IS_INDUSTRIAL_ZONE'),
	('DISTRICT_IS_IZ_ADJ_TO_GOV_PLAZA_BBG'			, 'REQUIRES_PLOT_ADJACENT_TO_GOV_PLAZA_BBG'),
	('DISTRICT_IS_COMM_HUB_ADJ_TO_GOV_PLAZA_BBG'	, 'REQUIRES_DISTRICT_IS_COMMERCIAL_HUB'),
	('DISTRICT_IS_COMM_HUB_ADJ_TO_GOV_PLAZA_BBG'	, 'REQUIRES_PLOT_ADJACENT_TO_GOV_PLAZA_BBG'),
	('DISTRICT_IS_HOLY_SITE_ADJ_TO_GOV_PLAZA_BBG'	, 'REQUIRES_DISTRICT_IS_HOLY_SITE'),
	('DISTRICT_IS_HOLY_SITE_ADJ_TO_GOV_PLAZA_BBG'	, 'REQUIRES_PLOT_ADJACENT_TO_GOV_PLAZA_BBG'),
	('DISTRICT_IS_CAMPUS_ADJ_TO_GOV_PLAZA_BBG'		, 'REQUIRES_DISTRICT_IS_CAMPUS'),
	('DISTRICT_IS_CAMPUS_ADJ_TO_GOV_PLAZA_BBG'		, 'REQUIRES_PLOT_ADJACENT_TO_GOV_PLAZA_BBG'),
	('DISTRICT_IS_THEATER_ADJ_TO_GOV_PLAZA_BBG'		, 'REQUIRES_DISTRICT_IS_THEATER'),
	('DISTRICT_IS_THEATER_ADJ_TO_GOV_PLAZA_BBG'		, 'REQUIRES_PLOT_ADJACENT_TO_GOV_PLAZA_BBG');
INSERT INTO Modifiers (ModifierId, ModifierType, SubjectRequirementSetId) VALUES
	('ATTACH_EXTRA_ENCAMPMENT_GPP_ON_GOV_PLAZA_MODIFIER_BBG', 'MODIFIER_ALL_CITIES_ATTACH_MODIFIER', NULL),
	('ATTACH_EXTRA_HARBOR_GPP_ON_GOV_PLAZA_MODIFIER_BBG'	, 'MODIFIER_ALL_CITIES_ATTACH_MODIFIER', NULL),
	('ATTACH_EXTRA_IZ_GPP_ON_GOV_PLAZA_MODIFIER_BBG'		, 'MODIFIER_ALL_CITIES_ATTACH_MODIFIER', NULL),
	('ATTACH_EXTRA_COMM_HUB_GPP_ON_GOV_PLAZA_MODIFIER_BBG'	, 'MODIFIER_ALL_CITIES_ATTACH_MODIFIER', NULL),
	('ATTACH_EXTRA_HOLY_SITE_GPP_ON_GOV_PLAZA_MODIFIER_BBG'	, 'MODIFIER_ALL_CITIES_ATTACH_MODIFIER', NULL),
	('ATTACH_EXTRA_CAMPUS_GPP_ON_GOV_PLAZA_MODIFIER_BBG'	, 'MODIFIER_ALL_CITIES_ATTACH_MODIFIER', NULL),
	('ATTACH_EXTRA_WRITER_GPP_ON_GOV_PLAZA_MODIFIER_BBG'	, 'MODIFIER_ALL_CITIES_ATTACH_MODIFIER', NULL),
	('ATTACH_EXTRA_ARTIST_GPP_ON_GOV_PLAZA_MODIFIER_BBG'	, 'MODIFIER_ALL_CITIES_ATTACH_MODIFIER', NULL),
	('ATTACH_EXTRA_MUSICIAN_GPP_ON_GOV_PLAZA_MODIFIER_BBG'	, 'MODIFIER_ALL_CITIES_ATTACH_MODIFIER', NULL),
	('MODIFIER_EXTRA_ENCAMPMENT_GPP_ON_GOV_PLAZA_BBG'	, 'MODIFIER_SINGLE_CITY_DISTRICTS_ADJUST_GREAT_PERSON_POINTS', 'DISTRICT_IS_ENCAMPMENT_ADJ_TO_GOV_PLAZA_BBG'),
	('MODIFIER_EXTRA_HARBOR_GPP_ON_GOV_PLAZA_BBG'		, 'MODIFIER_SINGLE_CITY_DISTRICTS_ADJUST_GREAT_PERSON_POINTS', 'DISTRICT_IS_HARBOR_ADJ_TO_GOV_PLAZA_BBG'),
	('MODIFIER_EXTRA_IZ_GPP_ON_GOV_PLAZA_BBG'			, 'MODIFIER_SINGLE_CITY_DISTRICTS_ADJUST_GREAT_PERSON_POINTS', 'DISTRICT_IS_IZ_ADJ_TO_GOV_PLAZA_BBG'),
	('MODIFIER_EXTRA_COMM_HUB_GPP_ON_GOV_PLAZA_BBG'		, 'MODIFIER_SINGLE_CITY_DISTRICTS_ADJUST_GREAT_PERSON_POINTS', 'DISTRICT_IS_COMM_HUB_ADJ_TO_GOV_PLAZA_BBG'),
	('MODIFIER_EXTRA_HOLY_SITE_GPP_ON_GOV_PLAZA_BBG'	, 'MODIFIER_SINGLE_CITY_DISTRICTS_ADJUST_GREAT_PERSON_POINTS', 'DISTRICT_IS_HOLY_SITE_ADJ_TO_GOV_PLAZA_BBG'),
	('MODIFIER_EXTRA_CAMPUS_GPP_ON_GOV_PLAZA_BBG'		, 'MODIFIER_SINGLE_CITY_DISTRICTS_ADJUST_GREAT_PERSON_POINTS', 'DISTRICT_IS_CAMPUS_ADJ_TO_GOV_PLAZA_BBG'),
	('MODIFIER_EXTRA_WRITER_GPP_ON_GOV_PLAZA_BBG'		, 'MODIFIER_SINGLE_CITY_DISTRICTS_ADJUST_GREAT_PERSON_POINTS', 'DISTRICT_IS_THEATER_ADJ_TO_GOV_PLAZA_BBG'),
	('MODIFIER_EXTRA_ARTIST_GPP_ON_GOV_PLAZA_BBG'		, 'MODIFIER_SINGLE_CITY_DISTRICTS_ADJUST_GREAT_PERSON_POINTS', 'DISTRICT_IS_THEATER_ADJ_TO_GOV_PLAZA_BBG'),
	('MODIFIER_EXTRA_MUSICIAN_GPP_ON_GOV_PLAZA_BBG'		, 'MODIFIER_SINGLE_CITY_DISTRICTS_ADJUST_GREAT_PERSON_POINTS', 'DISTRICT_IS_THEATER_ADJ_TO_GOV_PLAZA_BBG');
INSERT INTO ModifierArguments (ModifierId, Name, Value) VALUES
	('ATTACH_EXTRA_ENCAMPMENT_GPP_ON_GOV_PLAZA_MODIFIER_BBG', 'ModifierId', 'MODIFIER_EXTRA_ENCAMPMENT_GPP_ON_GOV_PLAZA_BBG'),
	('ATTACH_EXTRA_HARBOR_GPP_ON_GOV_PLAZA_MODIFIER_BBG'	, 'ModifierId', 'MODIFIER_EXTRA_HARBOR_GPP_ON_GOV_PLAZA_BBG'),
	('ATTACH_EXTRA_IZ_GPP_ON_GOV_PLAZA_MODIFIER_BBG'		, 'ModifierId', 'MODIFIER_EXTRA_IZ_GPP_ON_GOV_PLAZA_BBG'),
	('ATTACH_EXTRA_COMM_HUB_GPP_ON_GOV_PLAZA_MODIFIER_BBG'	, 'ModifierId', 'MODIFIER_EXTRA_COMM_HUB_GPP_ON_GOV_PLAZA_BBG'),
	('ATTACH_EXTRA_HOLY_SITE_GPP_ON_GOV_PLAZA_MODIFIER_BBG'	, 'ModifierId', 'MODIFIER_EXTRA_HOLY_SITE_GPP_ON_GOV_PLAZA_BBG'),
	('ATTACH_EXTRA_CAMPUS_GPP_ON_GOV_PLAZA_MODIFIER_BBG'	, 'ModifierId', 'MODIFIER_EXTRA_CAMPUS_GPP_ON_GOV_PLAZA_BBG'),
	('ATTACH_EXTRA_WRITER_GPP_ON_GOV_PLAZA_MODIFIER_BBG'	, 'ModifierId', 'MODIFIER_EXTRA_WRITER_GPP_ON_GOV_PLAZA_BBG'),
	('ATTACH_EXTRA_ARTIST_GPP_ON_GOV_PLAZA_MODIFIER_BBG'	, 'ModifierId', 'MODIFIER_EXTRA_ARTIST_GPP_ON_GOV_PLAZA_BBG'),
	('ATTACH_EXTRA_MUSICIAN_GPP_ON_GOV_PLAZA_MODIFIER_BBG'	, 'ModifierId', 'MODIFIER_EXTRA_MUSICIAN_GPP_ON_GOV_PLAZA_BBG'),
	('MODIFIER_EXTRA_ENCAMPMENT_GPP_ON_GOV_PLAZA_BBG'	, 'GreatPersonClassType', 'GREAT_PERSON_CLASS_GENERAL'),
	('MODIFIER_EXTRA_ENCAMPMENT_GPP_ON_GOV_PLAZA_BBG'	, 'Amount', '1'),
	('MODIFIER_EXTRA_HARBOR_GPP_ON_GOV_PLAZA_BBG'		, 'GreatPersonClassType', 'GREAT_PERSON_CLASS_ADMIRAL'),
	('MODIFIER_EXTRA_HARBOR_GPP_ON_GOV_PLAZA_BBG'		, 'Amount', '1'),
	('MODIFIER_EXTRA_IZ_GPP_ON_GOV_PLAZA_BBG'			, 'GreatPersonClassType', 'GREAT_PERSON_CLASS_ENGINEER'),
	('MODIFIER_EXTRA_IZ_GPP_ON_GOV_PLAZA_BBG'			, 'Amount', '1'),
	('MODIFIER_EXTRA_COMM_HUB_GPP_ON_GOV_PLAZA_BBG'		, 'GreatPersonClassType', 'GREAT_PERSON_CLASS_MERCHANT'),
	('MODIFIER_EXTRA_COMM_HUB_GPP_ON_GOV_PLAZA_BBG'		, 'Amount', '1'),
	('MODIFIER_EXTRA_HOLY_SITE_GPP_ON_GOV_PLAZA_BBG'	, 'GreatPersonClassType', 'GREAT_PERSON_CLASS_PROPHET'),
	('MODIFIER_EXTRA_HOLY_SITE_GPP_ON_GOV_PLAZA_BBG'	, 'Amount', '1'),
	('MODIFIER_EXTRA_CAMPUS_GPP_ON_GOV_PLAZA_BBG'		, 'GreatPersonClassType', 'GREAT_PERSON_CLASS_SCIENTIST'),
	('MODIFIER_EXTRA_CAMPUS_GPP_ON_GOV_PLAZA_BBG'		, 'Amount', '1'),
	('MODIFIER_EXTRA_WRITER_GPP_ON_GOV_PLAZA_BBG'		, 'GreatPersonClassType', 'GREAT_PERSON_CLASS_WRITER'),
	('MODIFIER_EXTRA_WRITER_GPP_ON_GOV_PLAZA_BBG'		, 'Amount', '1'),
	('MODIFIER_EXTRA_ARTIST_GPP_ON_GOV_PLAZA_BBG'		, 'GreatPersonClassType', 'GREAT_PERSON_CLASS_ARTIST'),
	('MODIFIER_EXTRA_ARTIST_GPP_ON_GOV_PLAZA_BBG'		, 'Amount', '1'),
	('MODIFIER_EXTRA_MUSICIAN_GPP_ON_GOV_PLAZA_BBG'		, 'GreatPersonClassType', 'GREAT_PERSON_CLASS_MUSICIAN'),
	('MODIFIER_EXTRA_MUSICIAN_GPP_ON_GOV_PLAZA_BBG'		, 'Amount', '1');
INSERT INTO TraitModifiers VALUES
	('TRAIT_LEADER_KRISTINA_AUTO_THEME', 'ATTACH_EXTRA_ENCAMPMENT_GPP_ON_GOV_PLAZA_MODIFIER_BBG'),
	('TRAIT_LEADER_KRISTINA_AUTO_THEME', 'ATTACH_EXTRA_HARBOR_GPP_ON_GOV_PLAZA_MODIFIER_BBG'),
	('TRAIT_LEADER_KRISTINA_AUTO_THEME', 'ATTACH_EXTRA_IZ_GPP_ON_GOV_PLAZA_MODIFIER_BBG'),
	('TRAIT_LEADER_KRISTINA_AUTO_THEME', 'ATTACH_EXTRA_COMM_HUB_GPP_ON_GOV_PLAZA_MODIFIER_BBG'),
	('TRAIT_LEADER_KRISTINA_AUTO_THEME', 'ATTACH_EXTRA_HOLY_SITE_GPP_ON_GOV_PLAZA_MODIFIER_BBG'),
	('TRAIT_LEADER_KRISTINA_AUTO_THEME', 'ATTACH_EXTRA_CAMPUS_GPP_ON_GOV_PLAZA_MODIFIER_BBG'),
	('TRAIT_LEADER_KRISTINA_AUTO_THEME', 'ATTACH_EXTRA_WRITER_GPP_ON_GOV_PLAZA_MODIFIER_BBG'),
	('TRAIT_LEADER_KRISTINA_AUTO_THEME', 'ATTACH_EXTRA_ARTIST_GPP_ON_GOV_PLAZA_MODIFIER_BBG'),
	('TRAIT_LEADER_KRISTINA_AUTO_THEME', 'ATTACH_EXTRA_MUSICIAN_GPP_ON_GOV_PLAZA_MODIFIER_BBG');
-- gov plaza gives major adj to districts instead of standard
INSERT INTO Adjacency_YieldChanges (ID, Description, YieldType, YieldChange, TilesRequired, AdjacentDistrict) VALUES
	('Government_Science_Positive_BBG'		, 'Placeholder', 'YIELD_SCIENCE'	,  2, 1, 'DISTRICT_GOVERNMENT'),
	('Government_Science_Negative_BBG'		, 'Placeholder', 'YIELD_SCIENCE'	, -2, 1, 'DISTRICT_GOVERNMENT'),
	('Government_Production_Positive_BBG'	, 'Placeholder', 'YIELD_PRODUCTION'	,  2, 1, 'DISTRICT_GOVERNMENT'),
	('Government_Production_Negative_BBG'	, 'Placeholder', 'YIELD_PRODUCTION'	, -2, 1, 'DISTRICT_GOVERNMENT'),
	('Government_Gold_Positive_BBG'			, 'Placeholder', 'YIELD_GOLD'		,  2, 1, 'DISTRICT_GOVERNMENT'),
	('Government_Gold_Negative_BBG'			, 'Placeholder', 'YIELD_GOLD'		, -2, 1, 'DISTRICT_GOVERNMENT'),
	('Government_Faith_Positive_BBG'		, 'Placeholder', 'YIELD_FAITH'		,  2, 1, 'DISTRICT_GOVERNMENT'),
	('Government_Faith_Negative_BBG'		, 'Placeholder', 'YIELD_FAITH'		, -2, 1, 'DISTRICT_GOVERNMENT'),
	('Government_Culture_Positive_BBG'		, 'Placeholder', 'YIELD_CULTURE'	,  2, 1, 'DISTRICT_GOVERNMENT'),
	('Government_Culture_Negative_BBG'		, 'Placeholder', 'YIELD_CULTURE'	, -2, 1, 'DISTRICT_GOVERNMENT');
INSERT INTO ExcludedAdjacencies VALUES
	('TRAIT_LEADER_BUILDING_QUEENS_BIBLIOTHEQUE', 'Government_Science'),
	('TRAIT_LEADER_BUILDING_QUEENS_BIBLIOTHEQUE', 'Government_Production'),
	('TRAIT_LEADER_BUILDING_QUEENS_BIBLIOTHEQUE', 'Government_Gold'),
	('TRAIT_LEADER_BUILDING_QUEENS_BIBLIOTHEQUE', 'Government_Faith'),
	('TRAIT_LEADER_BUILDING_QUEENS_BIBLIOTHEQUE', 'Government_Culture'),
	('TRAIT_LEADER_BUILDING_QUEENS_BIBLIOTHEQUE', 'Government_Science_Negative_BBG'),
	('TRAIT_LEADER_BUILDING_QUEENS_BIBLIOTHEQUE', 'Government_Production_Negative_BBG'),
	('TRAIT_LEADER_BUILDING_QUEENS_BIBLIOTHEQUE', 'Government_Gold_Negative_BBG'),
	('TRAIT_LEADER_BUILDING_QUEENS_BIBLIOTHEQUE', 'Government_Faith_Negative_BBG'),
	('TRAIT_LEADER_BUILDING_QUEENS_BIBLIOTHEQUE', 'Government_Culture_Negative_BBG');
-- open air museum moved to diplo service
UPDATE Improvements SET PrereqCivic='CIVIC_DIPLOMATIC_SERVICE' WHERE ImprovementType='IMPROVEMENT_OPEN_AIR_MUSEUM';
-- +50% prod towards libraries, universities, workshops, and factories
INSERT INTO TraitModifiers (TraitType , ModifierId)
	VALUES
	('TRAIT_CIVILIZATION_NOBEL_PRIZE' , 'NOBEL_PRIZE_UNIVERISTY_BOOST' ),
	('TRAIT_CIVILIZATION_NOBEL_PRIZE' , 'NOBEL_PRIZE_LIBRARY_BOOST' ),
	('TRAIT_CIVILIZATION_NOBEL_PRIZE' , 'NOBEL_PRIZE_WORKSHOP_BOOST' ),
	('TRAIT_CIVILIZATION_NOBEL_PRIZE' , 'NOBEL_PRIZE_FACTORY_BOOST' );
INSERT INTO Modifiers (ModifierId , ModifierType)
	VALUES
	('NOBEL_PRIZE_LIBRARY_BOOST' 	, 'MODIFIER_PLAYER_CITIES_ADJUST_BUILDING_PRODUCTION'),
	('NOBEL_PRIZE_UNIVERISTY_BOOST' , 'MODIFIER_PLAYER_CITIES_ADJUST_BUILDING_PRODUCTION'),
	('NOBEL_PRIZE_WORKSHOP_BOOST' 	, 'MODIFIER_PLAYER_CITIES_ADJUST_BUILDING_PRODUCTION'),
	('NOBEL_PRIZE_FACTORY_BOOST' 	, 'MODIFIER_PLAYER_CITIES_ADJUST_BUILDING_PRODUCTION');
INSERT INTO ModifierArguments (ModifierId , Name , Value)
	VALUES 
	('NOBEL_PRIZE_LIBRARY_BOOST' 	, 'BuildingType' , 'BUILDING_LIBRARY'),
	('NOBEL_PRIZE_LIBRARY_BOOST' 	, 'Amount'       , '50'),
	('NOBEL_PRIZE_UNIVERISTY_BOOST' , 'BuildingType' , 'BUILDING_UNIVERSITY'),
	('NOBEL_PRIZE_UNIVERISTY_BOOST' , 'Amount'       , '50'),
	('NOBEL_PRIZE_WORKSHOP_BOOST' 	, 'BuildingType' , 'BUILDING_WORKSHOP'),
	('NOBEL_PRIZE_WORKSHOP_BOOST' 	, 'Amount'       , '50'),
	('NOBEL_PRIZE_FACTORY_BOOST'    , 'BuildingType' , 'BUILDING_FACTORY'),
	('NOBEL_PRIZE_FACTORY_BOOST'    , 'Amount'       , '50');



--==============================================================
--******				  BUILDINGS						  ******
--==============================================================
-- flood barriers unlocked at steam power
UPDATE Buildings SET PrereqTech='TECH_STEAM_POWER' WHERE BuildingType='BUILDING_FLOOD_BARRIER';
-- +1 coal for seaports
INSERT INTO BuildingModifiers (BuildingType, ModifierId) VALUES
	('BUILDING_SEAPORT', 'COAL_FROM_SEAPORT_BBG');
INSERT INTO Modifiers (ModifierId, ModifierType, SubjectRequirementSetId) VALUES
	('COAL_FROM_SEAPORT_BBG', 'MODIFIER_PLAYER_ADJUST_FREE_RESOURCE_IMPORT_EXTRACTION', 'PLAYER_CAN_SEE_COAL_CPLMOD');
INSERT INTO ModifierArguments (ModifierId, Name, Value) VALUES
	('COAL_FROM_SEAPORT_BBG', 'ResourceType', 'RESOURCE_COAL'),
	('COAL_FROM_SEAPORT_BBG', 'Amount', '1');
-- +1 niter from armories
INSERT INTO BuildingModifiers (BuildingType, ModifierId) VALUES
	('BUILDING_ARMORY', 'NITER_FROM_ARMORY_BBG');
INSERT INTO Modifiers (ModifierId, ModifierType, SubjectRequirementSetId) VALUES
	('NITER_FROM_ARMORY_BBG', 'MODIFIER_PLAYER_ADJUST_FREE_RESOURCE_IMPORT_EXTRACTION', 'PLAYER_CAN_SEE_NITER_CPLMOD');
INSERT INTO ModifierArguments (ModifierId, Name, Value) VALUES
	('NITER_FROM_ARMORY_BBG', 'ResourceType', 'RESOURCE_NITER'),
	('NITER_FROM_ARMORY_BBG', 'Amount', '1');
-- +2 oil from mil acadamies
INSERT INTO BuildingModifiers (BuildingType, ModifierId) VALUES
	('BUILDING_MILITARY_ACADEMY', 'OIL_FROM_MIL_ACAD_BBG');
INSERT INTO Modifiers (ModifierId, ModifierType, SubjectRequirementSetId) VALUES
	('OIL_FROM_MIL_ACAD_BBG', 'MODIFIER_PLAYER_ADJUST_FREE_RESOURCE_IMPORT_EXTRACTION', 'PLAYER_CAN_SEE_OIL_CPLMOD');
INSERT INTO ModifierArguments (ModifierId, Name, Value) VALUES
	('OIL_FROM_MIL_ACAD_BBG', 'ResourceType', 'RESOURCE_OIL'),
	('OIL_FROM_MIL_ACAD_BBG', 'Amount', '2');
-- +2 alum from airports
INSERT INTO BuildingModifiers (BuildingType, ModifierId) VALUES
	('BUILDING_AIRPORT', 'ALUM_FROM_AIRPORT_BBG');
INSERT INTO Modifiers (ModifierId, ModifierType, SubjectRequirementSetId) VALUES
	('ALUM_FROM_AIRPORT_BBG', 'MODIFIER_PLAYER_ADJUST_FREE_RESOURCE_IMPORT_EXTRACTION', 'PLAYER_CAN_SEE_ALUMINUM_CPLMOD');
INSERT INTO ModifierArguments (ModifierId, Name, Value) VALUES
	('ALUM_FROM_AIRPORT_BBG', 'ResourceType', 'RESOURCE_ALUMINUM'),
	('ALUM_FROM_AIRPORT_BBG', 'Amount', '2');
UPDATE Building_YieldChanges SET YieldChange=6 WHERE BuildingType='BUILDING_FOSSIL_FUEL_POWER_PLANT' AND YieldType='YIELD_PRODUCTION';
UPDATE Building_YieldChanges SET YieldChange=8 WHERE BuildingType='BUILDING_POWER_PLANT' AND YieldType='YIELD_PRODUCTION';
UPDATE Building_YieldChanges SET YieldChange=6 WHERE BuildingType='BUILDING_POWER_PLANT' AND YieldType='YIELD_SCIENCE';



--==============================================================
--******				 CITY_STATES					  ******
--==============================================================
UPDATE ModifierArguments SET Value=10 WHERE ModifierId='MINOR_CIV_NGAZARGAMU_BARRACKS_STABLE_PURCHASE_BONUS' AND Name='Amount';
UPDATE ModifierArguments SET Value=10 WHERE ModifierId='MINOR_CIV_NGAZARGAMU_ARMORY_PURCHASE_BONUS' AND Name='Amount';
UPDATE ModifierArguments SET Value=10 WHERE ModifierId='MINOR_CIV_NGAZARGAMU_MILITARY_ACADEMY_PURCHASE_BONUS' AND Name='Amount';


--==============================================================
--******				  DIPLOMACY						  ******
--==============================================================
UPDATE Resolutions SET EarliestEra='ERA_MEDIEVAL' WHERE ResolutionType='WC_RES_DIPLOVICTORY';
UPDATE Resolutions SET EarliestEra='ERA_MEDIEVAL' WHERE ResolutionType='WC_RES_WORLD_IDEOLOGY';
UPDATE Resolutions SET EarliestEra='ERA_MEDIEVAL' WHERE ResolutionType='WC_RES_MIGRATION_TREATY';
UPDATE Resolutions SET EarliestEra='ERA_RENAISSANCE' WHERE ResolutionType='WC_RES_GLOBAL_ENERGY_TREATY';
UPDATE Resolutions SET EarliestEra='ERA_RENAISSANCE' WHERE ResolutionType='WC_RES_ESPIONAGE_PACT';
UPDATE Resolutions SET EarliestEra='ERA_INDUSTRIAL' WHERE ResolutionType='WC_RES_HERITAGE_ORG';
UPDATE Resolutions SET EarliestEra='ERA_INDUSTRIAL' WHERE ResolutionType='WC_RES_PUBLIC_WORKS';
UPDATE Resolutions SET EarliestEra='ERA_INDUSTRIAL' WHERE ResolutionType='WC_RES_DEFORESTATION_TREATY';
UPDATE Resolutions SET EarliestEra='ERA_MODERN' WHERE ResolutionType='WC_RES_ARMS_CONTROL';
DELETE FROM Resolutions WHERE ResolutionType='WC_RES_PUBLIC_RELATIONS';


--==============================================================
--******				G O V E R N M E N T				  ******
--==============================================================
UPDATE Government_SlotCounts SET NumSlots=3 WHERE GovernmentType='GOVERNMENT_MERCHANT_REPUBLIC' AND GovernmentSlotType='SLOT_ECONOMIC';
UPDATE Government_SlotCounts SET NumSlots=1 WHERE GovernmentType='GOVERNMENT_MERCHANT_REPUBLIC' AND GovernmentSlotType='SLOT_DIPLOMATIC';
UPDATE Governments SET OtherGovernmentIntolerance=0 WHERE GovernmentType='GOVERNMENT_DEMOCRACY';
UPDATE Governments SET OtherGovernmentIntolerance=0 WHERE GovernmentType='GOVERNMENT_DIGITAL_DEMOCRACY';
UPDATE Governments SET OtherGovernmentIntolerance=-40 WHERE GovernmentType='GOVERNMENT_FASCISM';
UPDATE Governments SET OtherGovernmentIntolerance=-40 WHERE GovernmentType='GOVERNMENT_COMMUNISM';
UPDATE Governments SET OtherGovernmentIntolerance=-40 WHERE GovernmentType='GOVERNMENT_CORPORATE_LIBERTARIANISM';
UPDATE Governments SET OtherGovernmentIntolerance=-40 WHERE GovernmentType='GOVERNMENT_SYNTHETIC_TECHNOCRACY';
UPDATE ModifierArguments SET Value='4' WHERE ModifierId='COLLECTIVIZATION_INTERNAL_TRADE_PRODUCTION' AND Name='Amount';

-- Monarchy give 2 culture for each renaissance wall (instead of 2 diplomatic favor)
UPDATE Modifiers SET ModifierType='MODIFIER_PLAYER_CITIES_ADJUST_BUILDING_YIELD_CHANGE' WHERE ModifierId='MONARCHY_STARFORT_FAVOR';
UPDATE Modifiers SET SubjectRequirementSetId=NULL WHERE ModifierId='MONARCHY_STARFORT_FAVOR';
DELETE FROM ModifierArguments WHERE ModifierId='MONARCHY_STARFORT_FAVOR';
INSERT INTO ModifierArguments(ModifierId, Name, Value) VALUES
    ('MONARCHY_STARFORT_FAVOR', 'BuildingType', 'BUILDING_STAR_FORT'),
    ('MONARCHY_STARFORT_FAVOR', 'YieldType', 'YIELD_CULTURE'),
    ('MONARCHY_STARFORT_FAVOR', 'Amount', '2');


--==============================================================
--******				  PANTHEONS						  ******
--==============================================================
-- no settler
DELETE FROM BeliefModifiers WHERE ModifierId='RELIGIOUS_SETTLEMENTS_SETTLER';
-- reeds and marshes works with all floodplains (see egypt for ReqArgs) and remains only 1 prod
UPDATE ModifierArguments SET Value='1' WHERE ModifierId='LADY_OF_THE_REEDS_PRODUCTION2_MODIFIER' AND Name='Amount';
INSERT INTO RequirementSetRequirements 
    (RequirementSetId, RequirementId)
    VALUES
    ('PLOT_HAS_REEDS_REQUIREMENTS' , 'REQUIRES_PLOT_HAS_FLOODPLAINS_GRASSLAND'),
    ('PLOT_HAS_REEDS_REQUIREMENTS' , 'REQUIRES_PLOT_HAS_FLOODPLAINS_PLAINS');
-- more faith for fire goddess and no district dmg from eruptions
UPDATE ModifierArguments SET Value='4' WHERE ModifierId='GODDESS_OF_FIRE_FEATURES_FAITH_MODIFIER' AND Name='Amount';



--==============================================================
--******				 RELIGIOUS						  ******
--==============================================================
-- earth goddess reverted to their base game version
UPDATE Modifiers SET SubjectRequirementSetId='PLOT_CHARMING_APPEAL' WHERE ModifierId='EARTH_GODDESS_APPEAL_FAITH_MODIFIER';
--delete their new work ethic
DELETE From BeliefModifiers WHERE ModifierId='WORK_ETHIC_ADJACENCY_PRODUCTION_2';
-- nerf tithe
UPDATE ModifierArguments SET Value='2' WHERE ModifierId='TITHE_GOLD_CITY_MODIFIER' AND Name='Amount';
-- feed the world housing reduced
UPDATE ModifierArguments SET Value='1' WHERE ModifierId='FEED_THE_WORLD_SHRINE_HOUSING_MODIFIER' AND Name='Amount';
UPDATE ModifierArguments SET Value='1' WHERE ModifierId='FEED_THE_WORLD_TEMPLE_HOUSING_MODIFIER' AND Name='Amount';
/*--revert feed the world to pre-GS version
DELETE FROM BeliefModifiers WHERE BeliefType='BELIEF_FEED_THE_WORLD' AND ModifierID='FEED_THE_WORLD_SHRINE_HOUSING';
DELETE FROM BeliefModifiers WHERE BeliefType='BELIEF_FEED_THE_WORLD' AND ModifierID='FEED_THE_WORLD_TEMPLE_HOUSING';
UPDATE ModifierArguments SET Value='2' WHERE ModifierId='FEED_THE_WORLD_SHRINE_FOOD3' AND Name='Amount';
UPDATE ModifierArguments SET Value='4' WHERE ModifierId='FEED_THE_WORLD_TEMPLE_FOOD3' AND Name='Amount';
UPDATE Beliefs SET Description='LOC_BELIEF_FEED_THE_WORLD_DESCRIPTION' WHERE BeliefType='BELIEF_FEED_THE_WORLD';*/
-- revert work ethic back to ours (use OR IGNORE because it's likely already there)
DELETE From BeliefModifiers WHERE ModifierId='WORK_ETHIC_ADJACENCY_PRODUCTION';
INSERT OR IGNORE INTO BeliefModifiers (BeliefType, ModifierId) VALUES
	('BELIEF_WORK_ETHIC' , 'WORK_ETHIC_TEMPLE_PRODUCTION'),
	('BELIEF_WORK_ETHIC' , 'WORK_ETHIC_SHRINE_PRODUCTION');
UPDATE Beliefs SET Description='LOC_BELIEF_WORK_ETHIC_DESCRIPTION' WHERE BeliefType='BELIEF_WORK_ETHIC';
-- Cross-Cultural Dialogue reverted
UPDATE BeliefModifiers SET ModifierID='CROSS_CULTURAL_DIALOGUE_SCIENCE_FOREIGN_FOLLOWER' WHERE BeliefType='BELIEF_CROSS_CULTURAL_DIALOGUE';
-- World Church reverted
UPDATE BeliefModifiers SET ModifierID='WORLD_CHURCH_CULTURE_FOREIGN_FOLLOWER' WHERE BeliefType='BELIEF_WORLD_CHURCH';
-- revert descriptions back to ours
UPDATE Beliefs SET Description='LOC_BELIEF_CROSS_CULTURAL_DIALOGUE_DESCRIPTION' WHERE BeliefType='BELIEF_CROSS_CULTURAL_DIALOGUE';
UPDATE Beliefs SET Description='LOC_BELIEF_WORLD_CHURCH_DESCRIPTION' WHERE BeliefType='BELIEF_WORLD_CHURCH';
UPDATE Beliefs SET Description='LOC_BELIEF_LAY_MINISTRY_DESCRIPTION' WHERE BeliefType='BELIEF_LAY_MINISTRY';
-- holy waters affects mili units instead of religious, and works in all converted city tiles
UPDATE Modifiers SET ModifierType='MODIFIER_ALL_PLAYERS_ATTACH_MODIFIER' WHERE ModifierId='HOLY_WATERS_HEALING';
UPDATE Modifiers SET ModifierType='MODIFIER_PLAYER_UNITS_ADJUST_HEAL_PER_TURN' WHERE ModifierId='HOLY_WATERS_HEALING_MODIFIER';
DELETE FROM RequirementSetRequirements WHERE RequirementSetId='HOLY_WATERS_HEALING_REQUIREMENTS';
DELETE FROM RequirementSetRequirements WHERE RequirementSetId='HOLY_WATERS_HEALING_MODIFIER_REQUIREMENTS';
INSERT INTO RequirementSetRequirements VALUES
	('HOLY_WATERS_HEALING_REQUIREMENTS', 'REQUIRES_PLAYER_FOUNDED_RELIGION'),
	('HOLY_WATERS_HEALING_MODIFIER_REQUIREMENTS', 'REQUIRES_UNIT_NEAR_FRIENDLY_RELIGIOUS_CITY'),
	('HOLY_WATERS_HEALING_MODIFIER_REQUIREMENTS', 'REQUIRES_UNIT_NEAR_ENEMY_RELIGIOUS_CITY');
UPDATE RequirementSets SET RequirementSetType='REQUIREMENTSET_TEST_ANY' WHERE RequirementSetId='HOLY_WATERS_HEALING_MODIFIER_REQUIREMENTS';
UPDATE ModifierArguments SET Value='10' WHERE ModifierId='HOLY_WATERS_HEALING_MODIFIER' AND Name='Amount';


--==============================================================
--******				START BIASES					  ******
--==============================================================
UPDATE StartBiasFeatures SET Tier=5 WHERE CivilizationType='CIVILIZATION_SPAIN' AND FeatureType='FEATURE_GEOTHERMAL_FISSURE';
UPDATE StartBiasTerrains SET Tier=1 WHERE CivilizationType='CIVILIZATION_PHOENICIA' AND TerrainType='TERRAIN_COAST';
UPDATE StartBiasTerrains SET Tier=2 WHERE CivilizationType='CIVILIZATION_MALI' AND TerrainType='TERRAIN_DESERT_HILLS';
UPDATE StartBiasTerrains SET Tier=2 WHERE CivilizationType='CIVILIZATION_MALI' AND TerrainType='TERRAIN_DESERT';
UPDATE StartBiasTerrains SET Tier=2 WHERE CivilizationType='CIVILIZATION_CANADA' AND TerrainType='TERRAIN_TUNDRA_HILLS';
UPDATE StartBiasTerrains SET Tier=2 WHERE CivilizationType='CIVILIZATION_CANADA' AND TerrainType='TERRAIN_TUNDRA';
UPDATE StartBiasTerrains SET Tier=2 WHERE CivilizationType='CIVILIZATION_CANADA' AND TerrainType='TERRAIN_SNOW_HILLS';
UPDATE StartBiasTerrains SET Tier=2 WHERE CivilizationType='CIVILIZATION_CANADA' AND TerrainType='TERRAIN_SNOW';
UPDATE StartBiasFeatures SET Tier=4 WHERE CivilizationType='CIVILIZATION_EGYPT' AND FeatureType='FEATURE_FLOODPLAINS_PLAINS';
UPDATE StartBiasFeatures SET Tier=4 WHERE CivilizationType='CIVILIZATION_EGYPT' AND FeatureType='FEATURE_FLOODPLAINS_GRASSLAND';
UPDATE StartBiasRivers SET Tier=4 WHERE CivilizationType='CIVILIZATION_HUNGARY';
UPDATE StartBiasTerrains SET Tier=4 WHERE CivilizationType='CIVILIZATION_INCA' AND TerrainType='TERRAIN_DESERT_MOUNTAIN';
UPDATE StartBiasTerrains SET Tier=3 WHERE CivilizationType='CIVILIZATION_INCA' AND TerrainType='TERRAIN_GRASS_MOUNTAIN';
UPDATE StartBiasTerrains SET Tier=3 WHERE CivilizationType='CIVILIZATION_INCA' AND TerrainType='TERRAIN_PLAINS_MOUNTAIN';



--==============================================================
--******			  UNITS  (NON-UNIQUE)			 	 ******
--==============================================================
UPDATE Units_XP2 SET ResourceMaintenanceAmount=2 WHERE UnitType='UNIT_GIANT_DEATH_ROBOT';
UPDATE Units SET StrategicResource='RESOURCE_OIL' WHERE UnitType='UNIT_HELICOPTER';
UPDATE Units_XP2 SET ResourceMaintenanceAmount=1, ResourceCost=1, ResourceMaintenanceType='RESOURCE_OIL' WHERE UnitType='UNIT_HELICOPTER';
UPDATE Units SET Cost=200 WHERE UnitType='UNIT_KNIGHT';
UPDATE Units SET BaseMoves=6, Cost=180 WHERE UnitType='UNIT_COURSER';
UPDATE Units SET StrategicResource='RESOURCE_NITER' WHERE UnitType='UNIT_INFANTRY';
UPDATE Units_XP2 SET ResourceMaintenanceType='RESOURCE_NITER' WHERE UnitType='UNIT_INFANTRY';
INSERT INTO Modifiers (ModifierId, ModifierType, SubjectRequirementSetId)
	VALUES ('SIEGE_DEFENSE_BONUS_VS_RANGED_COMBAT', 'MODIFIER_UNIT_ADJUST_COMBAT_STRENGTH', 'SIEGE_DEFENSE_REQUIREMENTS');
INSERT INTO ModifierArguments (ModifierId, Name, Value)
	VALUES ('SIEGE_DEFENSE_BONUS_VS_RANGED_COMBAT', 'Amount', '10');
INSERT INTO ModifierStrings (ModifierId, Context, Text)
	VALUES ('SIEGE_DEFENSE_BONUS_VS_RANGED_COMBAT', 'Preview', '{LOC_SIEGE_RANGED_DEFENSE_DESCRIPTION}');
INSERT INTO RequirementSets (RequirementSetId, RequirementSetType)
	VALUES ('SIEGE_DEFENSE_REQUIREMENTS', 'REQUIREMENTSET_TEST_ALL');
INSERT INTO RequirementSetRequirements (RequirementSetId, RequirementId)
	VALUES ('SIEGE_DEFENSE_REQUIREMENTS', 'RANGED_COMBAT_REQUIREMENTS');
INSERT INTO RequirementSetRequirements (RequirementSetId, RequirementId)
	VALUES ('SIEGE_DEFENSE_REQUIREMENTS', 'PLAYER_IS_DEFENDER_REQUIREMENTS');
INSERT INTO Types (Type, Kind)
	VALUES ('ABILITY_SIEGE_RANGED_DEFENSE', 'KIND_ABILITY');
INSERT INTO TypeTags (Type , Tag)
	VALUES ('ABILITY_SIEGE_RANGED_DEFENSE', 'CLASS_SIEGE');
INSERT INTO UnitAbilities (UnitAbilityType , Name , Description)
	VALUES ('ABILITY_SIEGE_RANGED_DEFENSE', 'LOC_PROMOTION_TORTOISE_NAME', 'LOC_PROMOTION_TORTOISE_DESCRIPTION');
INSERT INTO UnitAbilityModifiers (UnitAbilityType, ModifierId)
	VALUES ('ABILITY_SIEGE_RANGED_DEFENSE', 'SIEGE_DEFENSE_BONUS_VS_RANGED_COMBAT');

-- -5 combat strength to all airplanes (P-51 change in America section)
UPDATE Units SET Combat=75,  RangedCombat=70  WHERE UnitType='UNIT_BIPLANE';
UPDATE Units SET Combat=95,  RangedCombat=95  WHERE UnitType='UNIT_FIGHTER';
UPDATE Units SET Combat=105, RangedCombat=105 WHERE UnitType='UNIT_JET_FIGHTER';
UPDATE Units SET Combat=80,  Bombard=105 	  WHERE UnitType='UNIT_BOMBER';
UPDATE Units SET Combat=85,  Bombard=115      WHERE UnitType='UNIT_JET_BOMBER';

-- Military Engineers get tunnels at military science
UPDATE Improvements SET PrereqTech='TECH_MILITARY_SCIENCE' WHERE ImprovementType='IMPROVEMENT_MOUNTAIN_TUNNEL';
-- Military Engineers can build roads without using charges
UPDATE Routes_XP2 SET BuildWithUnitChargeCost=0 WHERE RouteType='ROUTE_ANCIENT_ROAD';
UPDATE Routes_XP2 SET BuildWithUnitChargeCost=0 WHERE RouteType='ROUTE_INDUSTRIAL_ROAD';
UPDATE Routes_XP2 SET BuildWithUnitChargeCost=0 WHERE RouteType='ROUTE_MEDIEVAL_ROAD';
UPDATE Routes_XP2 SET BuildWithUnitChargeCost=0 WHERE RouteType='ROUTE_MODERN_ROAD';



--==============================================================
--******				WONDERS  (NATURAL)				  ******
--==============================================================
UPDATE Feature_YieldChanges SET YieldChange=2 WHERE FeatureType='FEATURE_EYE_OF_THE_SAHARA' AND YieldType='YIELD_SCIENCE';
UPDATE Features Set Description='LOC_FEATURE_EYE_OF_THE_SAHARA_DESCRIPTION' WHERE FeatureType='FEATURE_EYE_OF_THE_SAHARA';
UPDATE Feature_YieldChanges SET YieldChange='4' WHERE FeatureType='FEATURE_GOBUSTAN'       AND YieldType='YIELD_CULTURE'   ;
UPDATE Feature_YieldChanges SET YieldChange='4' WHERE FeatureType='FEATURE_GOBUSTAN'       AND YieldType='YIELD_PRODUCTION';
UPDATE Feature_YieldChanges SET YieldChange='2' WHERE FeatureType='FEATURE_WHITEDESERT'    AND YieldType='YIELD_CULTURE'   ;
UPDATE Feature_YieldChanges SET YieldChange='2' WHERE FeatureType='FEATURE_WHITEDESERT'    AND YieldType='YIELD_SCIENCE'   ;
UPDATE Feature_YieldChanges SET YieldChange='6' WHERE FeatureType='FEATURE_WHITEDESERT'    AND YieldType='YIELD_GOLD'      ;
UPDATE Feature_YieldChanges SET YieldChange='3' WHERE FeatureType='FEATURE_CHOCOLATEHILLS' AND YieldType='YIELD_FOOD'      ;
UPDATE Feature_YieldChanges SET YieldChange='3' WHERE FeatureType='FEATURE_CHOCOLATEHILLS' AND YieldType='YIELD_PRODUCTION';
UPDATE Feature_YieldChanges SET YieldChange='1' WHERE FeatureType='FEATURE_CHOCOLATEHILLS' AND YieldType='YIELD_SCIENCE'   ;
UPDATE Feature_AdjacentYields SET YieldChange='2' WHERE FeatureType='FEATURE_DEVILSTOWER' AND YieldType='YIELD_FAITH';



--==============================================================
--******				 WORLD CONGRESS					  ******
--==============================================================
-- stead of canceling trade routes, half yields
DELETE FROM ResolutionEffects WHERE ModifierId='APPLY_INTERNATIONAL_MAJOR_TRADE_ROUTES_DISABLED';
INSERT INTO Modifiers (ModifierId, ModifierType)
	SELECT 'ATTACH_' || ModifierId, 'MODIFIER_CONGRESS_ATTACH_MODIFIER_TO_PLAYERTYPE'
	FROM Modifiers
	WHERE ModifierType='MODIFIER_PLAYER_ADJUST_TRADE_ROUTE_YIELD_MODIFIER';
INSERT INTO ModifierArguments (ModifierId, Name, Value)
	SELECT 'ATTACH_' || ModifierId, 'ModifierId', ModifierId
	FROM Modifiers
	WHERE ModifierType='MODIFIER_PLAYER_ADJUST_TRADE_ROUTE_YIELD_MODIFIER';
INSERT INTO ResolutionEffects (ResolutionEffectId, ResolutionType, WhichEffect, ModifierId) VALUES
	(300, 'WC_RES_TRADE_TREATY', 2, 'ATTACH_LETTEROFMARQUE_TRADE_ROUTE_YIELD_DROP_DEST_CULTURE'),
	(305, 'WC_RES_TRADE_TREATY', 2, 'ATTACH_LETTEROFMARQUE_TRADE_ROUTE_YIELD_DROP_DEST_FAITH'),
	(310, 'WC_RES_TRADE_TREATY', 2, 'ATTACH_LETTEROFMARQUE_TRADE_ROUTE_YIELD_DROP_DEST_FOOD'),
	(315, 'WC_RES_TRADE_TREATY', 2, 'ATTACH_LETTEROFMARQUE_TRADE_ROUTE_YIELD_DROP_DEST_GOLD'),
	(320, 'WC_RES_TRADE_TREATY', 2, 'ATTACH_LETTEROFMARQUE_TRADE_ROUTE_YIELD_DROP_DEST_PRODUCTION'),
	(325, 'WC_RES_TRADE_TREATY', 2, 'ATTACH_LETTEROFMARQUE_TRADE_ROUTE_YIELD_DROP_DEST_SCIENCE'),
	(330, 'WC_RES_TRADE_TREATY', 2, 'ATTACH_LETTEROFMARQUE_TRADE_ROUTE_YIELD_DROP_ORIG_CULTURE'),
	(335, 'WC_RES_TRADE_TREATY', 2, 'ATTACH_LETTEROFMARQUE_TRADE_ROUTE_YIELD_DROP_ORIG_FAITH'),
	(340, 'WC_RES_TRADE_TREATY', 2, 'ATTACH_LETTEROFMARQUE_TRADE_ROUTE_YIELD_DROP_ORIG_FOOD'),
	(345, 'WC_RES_TRADE_TREATY', 2, 'ATTACH_LETTEROFMARQUE_TRADE_ROUTE_YIELD_DROP_ORIG_GOLD'),
	(350, 'WC_RES_TRADE_TREATY', 2, 'ATTACH_LETTEROFMARQUE_TRADE_ROUTE_YIELD_DROP_ORIG_PRODUCTION'),
	(355, 'WC_RES_TRADE_TREATY', 2, 'ATTACH_LETTEROFMARQUE_TRADE_ROUTE_YIELD_DROP_ORIG_SCIENCE');
-- lower extremes for unit yield buff/debuff
UPDATE ModifierArguments SET Value='25'  WHERE ModifierId='WC_RES_UNIT_PRODUCTION_YIELD_BUFF'   AND Name='Amount';
UPDATE ModifierArguments SET Value='-50' WHERE ModifierId='WC_RES_UNIT_PRODUCTION_YIELD_DEBUFF' AND Name='Amount';



--==============================================================
--******				     OTHER						  ******
--==============================================================
-- rationalism cards
UPDATE RequirementArguments SET Value=3 WHERE RequirementId='REQUIRES_CAMPUS_HAS_HIGH_ADJACENCY' AND Name='Amount';
UPDATE RequirementArguments SET Value=3 WHERE RequirementId='REQUIRES_HOLY_SITE_HAS_HIGH_ADJACENCY' AND Name='Amount';
UPDATE RequirementArguments SET Value=3 WHERE RequirementId='REQUIRES_THEATER_SQUARE_HAS_HIGH_ADJACENCY' AND Name='Amount';
UPDATE RequirementArguments SET Value=12 WHERE RequirementId='REQUIRES_HAS_HIGH_POPULATION' AND Name='Amount';
-- reduce diplo lost from capturing capitals
UPDATE GlobalParameters SET Value='-2' WHERE Name='FAVOR_PER_OWNED_ORIGINAL_CAPITAL';
-- fascism attack bonus working for GDR
INSERT INTO TypeTags (Type, Tag) VALUES ('ABILITY_FASCISM_ATTACK_BUFF', 'CLASS_GIANT_DEATH_ROBOT');
INSERT INTO TypeTags (Type, Tag) VALUES ('ABILITY_FASCISM_LEGACY_ATTACK_BUFF', 'CLASS_GIANT_DEATH_ROBOT');
-- statue of liberty text fix
UPDATE Buildings SET Description='LOC_BUILDING_STATUE_LIBERTY_EXPANSION2_DESCRIPTION' WHERE BuildingType='BUILDING_STATUE_LIBERTY';
-- oil available on all floodplains
INSERT INTO Resource_ValidFeatures (ResourceType , FeatureType)
	VALUES
	('RESOURCE_OIL' , 'FEATURE_FLOODPLAINS_GRASSLAND'),
	('RESOURCE_OIL' , 'FEATURE_FLOODPLAINS_PLAINS');
-- retinues policy card is 50% of resource cost for produced and upgrade units
INSERT INTO Modifiers (ModifierId, ModifierType)
	VALUES ('PROFESSIONAL_ARMY_RESOURCE_DISCOUNT_MODIFIER_CPLMOD', 'MODIFIER_CITY_ADJUST_STRATEGIC_RESOURCE_REQUIREMENT_MODIFIER');
INSERT INTO ModifierArguments (ModifierId, Name, Value)
	VALUES ('PROFESSIONAL_ARMY_RESOURCE_DISCOUNT_MODIFIER_CPLMOD', 'Amount', '50');
INSERT INTO Modifiers (ModifierId, ModifierType)
	VALUES ('PROFESSIONAL_ARMY_RESOURCE_DISCOUNT_CPLMOD', 'MODIFIER_PLAYER_CITIES_ATTACH_MODIFIER');
INSERT INTO ModifierArguments (ModifierId, Name, Value)
	VALUES ('PROFESSIONAL_ARMY_RESOURCE_DISCOUNT_CPLMOD', 'ModifierId', 'PROFESSIONAL_ARMY_RESOURCE_DISCOUNT_MODIFIER_CPLMOD');
INSERT INTO PolicyModifiers (PolicyType, ModifierId)
	VALUES
	('POLICY_RETINUES', 'PROFESSIONAL_ARMY_RESOURCE_DISCOUNT_CPLMOD'),
	('POLICY_FORCE_MODERNIZATION', 'PROFESSIONAL_ARMY_RESOURCE_DISCOUNT_CPLMOD');
-- get +1 resource when revealed (niter and above only)
INSERT INTO RequirementSets (RequirementSetId, RequirementSetType)
	VALUES
	('PLAYER_CAN_SEE_NITER_CPLMOD'		, 	'REQUIREMENTSET_TEST_ALL'),
	('PLAYER_CAN_SEE_COAL_CPLMOD'		, 	'REQUIREMENTSET_TEST_ALL'),
	('PLAYER_CAN_SEE_ALUMINUM_CPLMOD'	, 	'REQUIREMENTSET_TEST_ALL'),
	('PLAYER_CAN_SEE_OIL_CPLMOD'		, 	'REQUIREMENTSET_TEST_ALL'),
	('PLAYER_CAN_SEE_URANIUM_CPLMOD'	, 	'REQUIREMENTSET_TEST_ALL');
INSERT INTO RequirementSetRequirements (RequirementSetId, RequirementId)
	VALUES
	('PLAYER_CAN_SEE_NITER_CPLMOD'		, 'REQUIRES_PLAYER_CAN_SEE_NITER'),
	('PLAYER_CAN_SEE_COAL_CPLMOD'		, 'REQUIRES_PLAYER_CAN_SEE_COAL'),
	('PLAYER_CAN_SEE_ALUMINUM_CPLMOD'	, 'REQUIRES_PLAYER_CAN_SEE_ALUMINUM'),
	('PLAYER_CAN_SEE_OIL_CPLMOD'		, 'REQUIRES_PLAYER_CAN_SEE_OIL'),
	('PLAYER_CAN_SEE_URANIUM_CPLMOD'	, 'REQUIRES_PLAYER_CAN_SEE_URANIUM');
INSERT INTO Modifiers (ModifierId, ModifierType, SubjectRequirementSetId)
	VALUES
	('NITER_BASE_AMOUNT_MODIFIER'	, 'MODIFIER_PLAYER_ADJUST_FREE_RESOURCE_IMPORT_EXTRACTION', 'PLAYER_CAN_SEE_NITER_CPLMOD'),
	('COAL_BASE_AMOUNT_MODIFIER'	, 'MODIFIER_PLAYER_ADJUST_FREE_RESOURCE_IMPORT_EXTRACTION', 'PLAYER_CAN_SEE_COAL_CPLMOD'),
	('ALUMINUM_BASE_AMOUNT_MODIFIER', 'MODIFIER_PLAYER_ADJUST_FREE_RESOURCE_IMPORT_EXTRACTION', 'PLAYER_CAN_SEE_ALUMINUM_CPLMOD'),
	('OIL_BASE_AMOUNT_MODIFIER'		, 'MODIFIER_PLAYER_ADJUST_FREE_RESOURCE_IMPORT_EXTRACTION', 'PLAYER_CAN_SEE_OIL_CPLMOD'),
	('URANIUM_BASE_AMOUNT_MODIFIER'	, 'MODIFIER_PLAYER_ADJUST_FREE_RESOURCE_IMPORT_EXTRACTION', 'PLAYER_CAN_SEE_URANIUM_CPLMOD');
INSERT INTO ModifierArguments (ModifierId, Name, Value)
	VALUES
	('NITER_BASE_AMOUNT_MODIFIER'	, 'ResourceType', 'RESOURCE_NITER'),
	('NITER_BASE_AMOUNT_MODIFIER'	, 'Amount', '1'),
	('COAL_BASE_AMOUNT_MODIFIER'	, 'ResourceType', 'RESOURCE_COAL'),
	('COAL_BASE_AMOUNT_MODIFIER'	, 'Amount', '1'),
	('ALUMINUM_BASE_AMOUNT_MODIFIER', 'ResourceType', 'RESOURCE_ALUMINUM'),
	('ALUMINUM_BASE_AMOUNT_MODIFIER', 'Amount', '1'),
	('OIL_BASE_AMOUNT_MODIFIER'		, 'ResourceType', 'RESOURCE_OIL'),
	('OIL_BASE_AMOUNT_MODIFIER'		, 'Amount', '1'),
	('URANIUM_BASE_AMOUNT_MODIFIER'	, 'ResourceType', 'RESOURCE_URANIUM'),
	('URANIUM_BASE_AMOUNT_MODIFIER'	, 'Amount', '1');
INSERT INTO TraitModifiers (TraitType, ModifierId)
	VALUES
	('TRAIT_LEADER_MAJOR_CIV', 'NITER_BASE_AMOUNT_MODIFIER'),
	('TRAIT_LEADER_MAJOR_CIV', 'COAL_BASE_AMOUNT_MODIFIER'),
	('TRAIT_LEADER_MAJOR_CIV', 'ALUMINUM_BASE_AMOUNT_MODIFIER'),
	('TRAIT_LEADER_MAJOR_CIV', 'OIL_BASE_AMOUNT_MODIFIER'),
	('TRAIT_LEADER_MAJOR_CIV', 'URANIUM_BASE_AMOUNT_MODIFIER');
--can't go minus favor from grievances
UPDATE GlobalParameters SET Value='0' WHERE Name='FAVOR_GRIEVANCES_MINIMUM';
-- additional niter spawn locations
INSERT INTO Resource_ValidFeatures (ResourceType , FeatureType)
	VALUES ('RESOURCE_NITER' , 'FEATURE_FLOODPLAINS');

-- citizen yields
UPDATE District_CitizenYieldChanges SET YieldChange=3 WHERE YieldType='YIELD_GOLD' AND DistrictType="DISTRICT_COTHON";
UPDATE District_CitizenYieldChanges SET YieldChange=4 WHERE YieldType='YIELD_GOLD' AND DistrictType="DISTRICT_SUGUBA";

-- GATHERING STORM WAR GOSSIP --
DELETE FROM Gossips WHERE GossipType='GOSSIP_MAKE_DOW';

-- Give production for Medieval Naval Units for all applicable policies
INSERT INTO Modifiers (ModifierId , ModifierType)
	VALUES
	('MEDIEVAL_NAVAL_MELEE_PRODUCTION_CPLMOD'  , 'MODIFIER_PLAYER_CITIES_ADJUST_UNIT_TAG_ERA_PRODUCTION'),
	('MEDIEVAL_NAVAL_RAIDER_PRODUCTION_CPLMOD' , 'MODIFIER_PLAYER_CITIES_ADJUST_UNIT_TAG_ERA_PRODUCTION'),
	('MEDIEVAL_NAVAL_RANGED_PRODUCTION_CPLMOD' , 'MODIFIER_PLAYER_CITIES_ADJUST_UNIT_TAG_ERA_PRODUCTION');
INSERT INTO ModifierArguments (ModifierId , Name , Value , Extra)
	VALUES
	('MEDIEVAL_NAVAL_MELEE_PRODUCTION_CPLMOD'  , 'UnitPromotionClass' , 'PROMOTION_CLASS_NAVAL_MELEE'  , '-1'),
	('MEDIEVAL_NAVAL_MELEE_PRODUCTION_CPLMOD'  , 'EraType'            , 'ERA_MEDIEVAL'                 , '-1'),
	('MEDIEVAL_NAVAL_MELEE_PRODUCTION_CPLMOD'  , 'Amount'             , '100'                          , '-1'),
	('MEDIEVAL_NAVAL_RAIDER_PRODUCTION_CPLMOD' , 'UnitPromotionClass' , 'PROMOTION_CLASS_NAVAL_RAIDER' , '-1'),
	('MEDIEVAL_NAVAL_RAIDER_PRODUCTION_CPLMOD' , 'EraType'            , 'ERA_MEDIEVAL'                 , '-1'),
	('MEDIEVAL_NAVAL_RAIDER_PRODUCTION_CPLMOD' , 'Amount'             , '100'                          , '-1'),
	('MEDIEVAL_NAVAL_RANGED_PRODUCTION_CPLMOD' , 'UnitPromotionClass' , 'PROMOTION_CLASS_NAVAL_RANGED' , '-1'),
	('MEDIEVAL_NAVAL_RANGED_PRODUCTION_CPLMOD' , 'EraType'            , 'ERA_MEDIEVAL'                 , '-1'),
	('MEDIEVAL_NAVAL_RANGED_PRODUCTION_CPLMOD' , 'Amount'             , '100'                          , '-1');
INSERT INTO PolicyModifiers (PolicyType , ModifierId)
	VALUES
	('POLICY_INTERNATIONAL_WATERS' , 'MEDIEVAL_NAVAL_MELEE_PRODUCTION_CPLMOD' ),
	('POLICY_INTERNATIONAL_WATERS' , 'MEDIEVAL_NAVAL_RAIDER_PRODUCTION_CPLMOD'),
	('POLICY_INTERNATIONAL_WATERS' , 'MEDIEVAL_NAVAL_RANGED_PRODUCTION_CPLMOD'),
	('POLICY_PRESS_GANGS'          , 'MEDIEVAL_NAVAL_MELEE_PRODUCTION_CPLMOD' ),
	('POLICY_PRESS_GANGS'          , 'MEDIEVAL_NAVAL_RAIDER_PRODUCTION_CPLMOD'),
	('POLICY_PRESS_GANGS'          , 'MEDIEVAL_NAVAL_RANGED_PRODUCTION_CPLMOD');

-- Offshore Oil can be improved at Refining
UPDATE Improvements SET PrereqTech='TECH_REFINING' WHERE ImprovementType='IMPROVEMENT_OFFSHORE_OIL_RIG';



--==============================================================
--******				G O V E R N O R S				  ******
--==============================================================
-- bugfix ... might actually be fixed after april 2021 update, but they only explicitly mentioned Ayutthaya
UPDATE ModifierArguments SET Value=24 WHERE ModifierId="CARDINAL_CITADEL_OF_GOD_FAITH_FINISH_BUILDINGS" AND Name="BuildingProductionPercent";
-- delete moksha's scrapped abilities
DELETE FROM GovernorPromotions WHERE GovernorPromotionType='GOVERNOR_PROMOTION_CARDINAL_GRAND_INQUISITOR' OR GovernorPromotionType='GOVERNOR_PROMOTION_CARDINAL_LAYING_ON_OF_HANDS';
DELETE FROM GovernorPromotionSets WHERE GovernorPromotion='GOVERNOR_PROMOTION_CARDINAL_GRAND_INQUISITOR' OR GovernorPromotion='GOVERNOR_PROMOTION_CARDINAL_LAYING_ON_OF_HANDS';
DELETE FROM GovernorPromotionPrereqs WHERE GovernorPromotionType='GOVERNOR_PROMOTION_CARDINAL_GRAND_INQUISITOR' OR GovernorPromotionType='GOVERNOR_PROMOTION_CARDINAL_LAYING_ON_OF_HANDS';
DELETE FROM GovernorPromotionPrereqs WHERE PrereqGovernorPromotion='GOVERNOR_PROMOTION_CARDINAL_GRAND_INQUISITOR' OR PrereqGovernorPromotion='GOVERNOR_PROMOTION_CARDINAL_LAYING_ON_OF_HANDS';
DELETE FROM GovernorPromotionModifiers WHERE GovernorPromotionType='GOVERNOR_PROMOTION_CARDINAL_GRAND_INQUISITOR' OR GovernorPromotionType='GOVERNOR_PROMOTION_CARDINAL_LAYING_ON_OF_HANDS';
-- 15% culture moved to moksha
UPDATE GovernorPromotionModifiers SET GovernorPromotionType='GOVERNOR_PROMOTION_CARDINAL_BISHOP' WHERE GovernorPromotionType='GOVERNOR_PROMOTION_EDUCATOR_LIBRARIAN' AND ModifierId='LIBRARIAN_CULTURE_YIELD_BONUS';
-- nerf bishop to +50% outgoing pressure
UPDATE ModifierArguments SET Value='50' WHERE ModifierId='CARDINAL_BISHOP_PRESSURE' AND Name='Amount';
-- move Moksha's abilities
UPDATE GovernorPromotions SET Level=2, Column=0 WHERE GovernorPromotionType='GOVERNOR_PROMOTION_CARDINAL_DIVINE_ARCHITECT';
UPDATE GovernorPromotions SET Level=1, Column=2 WHERE GovernorPromotionType='GOVERNOR_PROMOTION_CARDINAL_CITADEL_OF_GOD';
UPDATE GovernorPromotions SET Level=2, Column=2 WHERE GovernorPromotionType='GOVERNOR_PROMOTION_CARDINAL_PATRON_SAINT';
INSERT INTO GovernorPromotionPrereqs (GovernorPromotionType, PrereqGovernorPromotion) VALUES
	('GOVERNOR_PROMOTION_CARDINAL_CITADEL_OF_GOD', 'GOVERNOR_PROMOTION_CARDINAL_BISHOP');
UPDATE GovernorPromotionPrereqs SET PrereqGovernorPromotion='GOVERNOR_PROMOTION_CARDINAL_CITADEL_OF_GOD' WHERE GovernorPromotionType='GOVERNOR_PROMOTION_CARDINAL_PATRON_SAINT';
-- Curator moved to last moksha ability
UPDATE GovernorPromotionSets SET GovernorType='GOVERNOR_THE_CARDINAL' WHERE GovernorPromotion='GOVERNOR_PROMOTION_MERCHANT_CURATOR';
UPDATE GovernorPromotions SET Column=1 WHERE GovernorPromotionType='GOVERNOR_PROMOTION_MERCHANT_CURATOR';
DELETE FROM GovernorPromotionPrereqs WHERE GovernorPromotionType='GOVERNOR_PROMOTION_MERCHANT_CURATOR';
INSERT INTO GovernorPromotionPrereqs (GovernorPromotionType, PrereqGovernorPromotion)
	VALUES
		('GOVERNOR_PROMOTION_MERCHANT_CURATOR', 'GOVERNOR_PROMOTION_CARDINAL_DIVINE_ARCHITECT'),
		('GOVERNOR_PROMOTION_MERCHANT_CURATOR', 'GOVERNOR_PROMOTION_CARDINAL_PATRON_SAINT');
-- Move +1 Culture to Moksha
UPDATE GovernorPromotionSets SET GovernorType='GOVERNOR_THE_CARDINAL' WHERE GovernorPromotion='GOVERNOR_PROMOTION_EDUCATOR_CONNOISSEUR';
UPDATE GovernorPromotions SET Column=0 WHERE GovernorPromotionType='GOVERNOR_PROMOTION_EDUCATOR_CONNOISSEUR';
INSERT INTO GovernorPromotionPrereqs (GovernorPromotionType, PrereqGovernorPromotion) VALUES
	('GOVERNOR_PROMOTION_EDUCATOR_CONNOISSEUR', 'GOVERNOR_PROMOTION_CARDINAL_BISHOP');
UPDATE GovernorPromotionPrereqs SET PrereqGovernorPromotion='GOVERNOR_PROMOTION_EDUCATOR_CONNOISSEUR' WHERE GovernorPromotionType='GOVERNOR_PROMOTION_CARDINAL_DIVINE_ARCHITECT' AND PrereqGovernorPromotion='GOVERNOR_PROMOTION_CARDINAL_CITADEL_OF_GOD';

-- move Pingala's 100% GPP to first on left ability
UPDATE GovernorPromotions SET Level=1, Column=0 WHERE GovernorPromotionType='GOVERNOR_PROMOTION_EDUCATOR_GRANTS';
DELETE FROM GovernorPromotionPrereqs WHERE GovernorPromotionType='GOVERNOR_PROMOTION_EDUCATOR_GRANTS' OR PrereqGovernorPromotion='GOVERNOR_PROMOTION_EDUCATOR_GRANTS';
INSERT INTO GovernorPromotionPrereqs (GovernorPromotionType, PrereqGovernorPromotion)
	VALUES
		('GOVERNOR_PROMOTION_EDUCATOR_GRANTS', 'GOVERNOR_PROMOTION_EDUCATOR_LIBRARIAN');
-- create Pingala's science from trade routes ability and apply to middle right ability
INSERT INTO Modifiers (ModifierId, ModifierType)
	VALUES
		('EDUCATOR_SCIENCE_FROM_DOMESTIC_TRADE_BBG', 'MODIFIER_SINGLE_CITY_ADJUST_TRADE_ROUTE_YIELD_TO_OTHERS');
INSERT INTO ModifierArguments (ModifierId, Name, Value)
	VALUES
		('EDUCATOR_SCIENCE_FROM_DOMESTIC_TRADE_BBG', 'Domestic', '1'),
		('EDUCATOR_SCIENCE_FROM_DOMESTIC_TRADE_BBG', 'Amount', '3'),
		('EDUCATOR_SCIENCE_FROM_DOMESTIC_TRADE_BBG', 'YieldType', 'YIELD_SCIENCE');
INSERT INTO Types (Type, Kind) VALUES ('GOVERNOR_PROMOTION_EDUCATOR_TRADE_BBG', 'KIND_GOVERNOR_PROMOTION');
INSERT INTO GovernorPromotionSets (GovernorType, GovernorPromotion)
	VALUES
		('GOVERNOR_THE_EDUCATOR', 'GOVERNOR_PROMOTION_EDUCATOR_TRADE_BBG');
INSERT INTO GovernorPromotions (GovernorPromotionType, Name, Description, Level, Column, BaseAbility)
	VALUES
		('GOVERNOR_PROMOTION_EDUCATOR_TRADE_BBG', 'LOC_GOVERNOR_PROMOTION_EDUCATOR_KNOWLEDGE_NAME', 'LOC_GOVERNOR_PROMOTION_EDUCATOR_KNOWLEDGE_DESCRIPTION', 2, 2, 0);
INSERT INTO GovernorPromotionModifiers (GovernorPromotionType, ModifierId)
	VALUES
		('GOVERNOR_PROMOTION_EDUCATOR_TRADE_BBG', 'EDUCATOR_SCIENCE_FROM_DOMESTIC_TRADE_BBG');
DELETE FROM GovernorPromotionPrereqs WHERE GovernorPromotionType='GOVERNOR_PROMOTION_EDUCATOR_SPACE_INITIATIVE';
UPDATE GovernorPromotions SET Column=1 WHERE GovernorPromotionType='GOVERNOR_PROMOTION_EDUCATOR_SPACE_INITIATIVE';
INSERT INTO GovernorPromotionPrereqs (GovernorPromotionType, PrereqGovernorPromotion)
	VALUES
		('GOVERNOR_PROMOTION_EDUCATOR_TRADE_BBG', 'GOVERNOR_PROMOTION_EDUCATOR_RESEARCHER'),
		('GOVERNOR_PROMOTION_EDUCATOR_SPACE_INITIATIVE', 'GOVERNOR_PROMOTION_EDUCATOR_TRADE_BBG');
-- Pingala's double adajacency Promo
INSERT INTO Modifiers (ModifierId, ModifierType)
	VALUES
		('EDUCATOR_DOUBLE_CAMPUS_ADJ_MODIFIER_BBG', 'MODIFIER_CITY_DISTRICTS_ADJUST_YIELD_MODIFIER');
INSERT INTO ModifierArguments (ModifierId, Name, Value)
	VALUES
		('EDUCATOR_DOUBLE_CAMPUS_ADJ_MODIFIER_BBG', 'Amount', '100'),
		('EDUCATOR_DOUBLE_CAMPUS_ADJ_MODIFIER_BBG', 'YieldType', 'YIELD_SCIENCE');
INSERT INTO Types (Type, Kind) VALUES ('EDUCATOR_DOUBLE_CAMPUS_ADJ_BBG', 'KIND_GOVERNOR_PROMOTION');
INSERT INTO GovernorPromotionSets (GovernorType, GovernorPromotion)
	VALUES
		('GOVERNOR_THE_EDUCATOR', 'EDUCATOR_DOUBLE_CAMPUS_ADJ_BBG');
INSERT INTO GovernorPromotions (GovernorPromotionType, Name, Description, Level, Column, BaseAbility)
	VALUES
		('EDUCATOR_DOUBLE_CAMPUS_ADJ_BBG', 'LOC_GOVERNOR_PROMOTION_EDUCATOR_EUREKA_NAME', 'LOC_GOVERNOR_PROMOTION_EDUCATOR_EUREKA_DESCRIPTION', 2, 0, 0);
INSERT INTO GovernorPromotionModifiers (GovernorPromotionType, ModifierId)
	VALUES
		('EDUCATOR_DOUBLE_CAMPUS_ADJ_BBG', 'EDUCATOR_DOUBLE_CAMPUS_ADJ_MODIFIER_BBG');
INSERT INTO GovernorPromotionPrereqs (GovernorPromotionType, PrereqGovernorPromotion)
	VALUES
		('EDUCATOR_DOUBLE_CAMPUS_ADJ_BBG', 'GOVERNOR_PROMOTION_EDUCATOR_GRANTS'),
		('GOVERNOR_PROMOTION_EDUCATOR_SPACE_INITIATIVE', 'EDUCATOR_DOUBLE_CAMPUS_ADJ_BBG');

-- Amani's changed 1st right ability
DELETE FROM GovernorPromotionModifiers WHERE GovernorPromotionType='GOVERNOR_PROMOTION_AMBASSADOR_AFFLUENCE';
INSERT INTO RequirementSets (RequirementSetId, RequirementSetType)
	VALUES
	('PLAYER_CAN_SEE_HORSES_CPLMOD'		, 	'REQUIREMENTSET_TEST_ALL'),
	('PLAYER_CAN_SEE_IRON_CPLMOD'		, 	'REQUIREMENTSET_TEST_ALL');
INSERT INTO RequirementSetRequirements (RequirementSetId, RequirementId)
	VALUES
	('PLAYER_CAN_SEE_HORSES_CPLMOD'	, 'REQUIRES_PLAYER_CAN_SEE_HORSES'),
	('PLAYER_CAN_SEE_IRON_CPLMOD'	, 'REQUIRES_PLAYER_CAN_SEE_IRON');
INSERT INTO Modifiers (ModifierId, ModifierType, SubjectRequirementSetId)
	VALUES
	('HORSES_BASE_AMOUNT_MODIFIER'	, 'MODIFIER_PLAYER_ADJUST_FREE_RESOURCE_IMPORT_EXTRACTION', 'PLAYER_CAN_SEE_HORSES_CPLMOD'),
	('IRON_BASE_AMOUNT_MODIFIER'	, 'MODIFIER_PLAYER_ADJUST_FREE_RESOURCE_IMPORT_EXTRACTION', 'PLAYER_CAN_SEE_IRON_CPLMOD');
INSERT INTO ModifierArguments (ModifierId, Name, Value)
	VALUES
	('HORSES_BASE_AMOUNT_MODIFIER'	, 'ResourceType', 'RESOURCE_HORSES'),
	('HORSES_BASE_AMOUNT_MODIFIER'	, 'Amount', '1'),
	('IRON_BASE_AMOUNT_MODIFIER'	, 'ResourceType', 'RESOURCE_IRON'),
	('IRON_BASE_AMOUNT_MODIFIER'	, 'Amount', '1');
INSERT INTO GovernorPromotionModifiers VALUES
	('GOVERNOR_PROMOTION_AMBASSADOR_AFFLUENCE', 'HORSES_BASE_AMOUNT_MODIFIER'),
	('GOVERNOR_PROMOTION_AMBASSADOR_AFFLUENCE', 'IRON_BASE_AMOUNT_MODIFIER'),
	('GOVERNOR_PROMOTION_AMBASSADOR_AFFLUENCE', 'NITER_BASE_AMOUNT_MODIFIER'),
	('GOVERNOR_PROMOTION_AMBASSADOR_AFFLUENCE', 'COAL_BASE_AMOUNT_MODIFIER'),
	('GOVERNOR_PROMOTION_AMBASSADOR_AFFLUENCE', 'ALUMINUM_BASE_AMOUNT_MODIFIER'),
	('GOVERNOR_PROMOTION_AMBASSADOR_AFFLUENCE', 'OIL_BASE_AMOUNT_MODIFIER'),
	('GOVERNOR_PROMOTION_AMBASSADOR_AFFLUENCE', 'URANIUM_BASE_AMOUNT_MODIFIER');
-- new 1st on left promo for Amani
INSERT INTO Types (Type, Kind) VALUES ('GOVERNOR_PROMOTION_NEGOTIATOR_BBG', 'KIND_GOVERNOR_PROMOTION');
INSERT INTO GovernorPromotionSets (GovernorType, GovernorPromotion) VALUES ('GOVERNOR_THE_AMBASSADOR', 'GOVERNOR_PROMOTION_NEGOTIATOR_BBG');
INSERT INTO GovernorPromotions (GovernorPromotionType, Name, Description, Level, Column)
	VALUES
		('GOVERNOR_PROMOTION_NEGOTIATOR_BBG', 'LOC_GOVERNOR_PROMOTION_AMBASSADOR_NEGOTIATOR_NAME', 'LOC_GOVERNOR_PROMOTION_AMBASSADOR_NEGOTIATOR_DESCRIPTION', 1, 0);
INSERT INTO GovernorPromotionModifiers (GovernorPromotionType, ModifierId)
	VALUES
		('GOVERNOR_PROMOTION_NEGOTIATOR_BBG', 'DEFENDER_ADJUST_CITY_DEFENSE_STRENGTH'),
		('GOVERNOR_PROMOTION_NEGOTIATOR_BBG', 'DEFENSE_LOGISTICS_SIEGE_PROTECTION');
INSERT INTO GovernorPromotionPrereqs (GovernorPromotionType, PrereqGovernorPromotion)
	VALUES
		('GOVERNOR_PROMOTION_NEGOTIATOR_BBG', 'GOVERNOR_PROMOTION_AMBASSADOR_MESSENGER');
-- move Amani's Emissary to 2nd on left
UPDATE GovernorPromotions SET Level=2 WHERE GovernorPromotionType='GOVERNOR_PROMOTION_AMBASSADOR_EMISSARY';
UPDATE GovernorPromotionPrereqs SET GovernorPromotionType='GOVERNOR_PROMOTION_AMBASSADOR_PUPPETEER' WHERE PrereqGovernorPromotion='GOVERNOR_PROMOTION_AMBASSADOR_EMISSARY';
UPDATE GovernorPromotionPrereqs SET PrereqGovernorPromotion='GOVERNOR_PROMOTION_NEGOTIATOR_BBG' WHERE GovernorPromotionType='GOVERNOR_PROMOTION_AMBASSADOR_EMISSARY';
INSERT INTO GovernorPromotionModifiers (GovernorPromotionType, ModifierId) VALUES
		('GOVERNOR_PROMOTION_AMBASSADOR_EMISSARY', 'PRESTIGE_IDENTITY_PRESSURE_TO_DOMESTIC_CITIES');
UPDATE ModifierArguments SET Value='4' WHERE ModifierId='EMISSARY_IDENTITY_PRESSURE_TO_FOREIGN_CITIES' AND Name='Amount';
UPDATE ModifierArguments SET Value='4' WHERE ModifierId='PRESTIGE_IDENTITY_PRESSURE_TO_DOMESTIC_CITIES' AND Name='Amount';
-- Delete Amani's Foreign Investor
DELETE FROM GovernorPromotionModifiers WHERE GovernorPromotionType='GOVERNOR_PROMOTION_AMBASSADOR_FOREIGN_INVESTOR';
DELETE FROM GovernorPromotionPrereqs WHERE GovernorPromotionType='GOVERNOR_PROMOTION_AMBASSADOR_FOREIGN_INVESTOR';
DELETE FROM GovernorPromotionPrereqs WHERE PrereqGovernorPromotion='GOVERNOR_PROMOTION_AMBASSADOR_FOREIGN_INVESTOR';
DELETE FROM GovernorPromotionSets WHERE GovernorPromotion='GOVERNOR_PROMOTION_AMBASSADOR_FOREIGN_INVESTOR';
DELETE FROM GovernorPromotions WHERE GovernorPromotionType='GOVERNOR_PROMOTION_AMBASSADOR_FOREIGN_INVESTOR';
-- Correct Amani's Spies promo
INSERT INTO GovernorPromotionPrereqs (GovernorPromotionType, PrereqGovernorPromotion) VALUES
		('GOVERNOR_PROMOTION_LOCAL_INFORMANTS', 'GOVERNOR_PROMOTION_AMBASSADOR_AFFLUENCE');
UPDATE GovernorPromotions SET Column=2 WHERE GovernorPromotionType='GOVERNOR_PROMOTION_LOCAL_INFORMANTS';


-- Reyna's new 3rd level right ability
INSERT INTO Modifiers (ModifierId, ModifierType) VALUES
	('MANAGER_BUILDING_GOLD_DISCOUNT_BBG', 'MODIFIER_SINGLE_CITY_ADJUST_ALL_BUILDINGS_PURCHASE_COST'),
	('MANAGER_DISTRICT_GOLD_DISCOUNT_BBG', 'MODIFIER_SINGLE_CITY_ADJUST_ALL_DISTRICTS_PURCHASE_COST');
INSERT INTO ModifierArguments (ModifierId, Name, Value) VALUES
	('MANAGER_BUILDING_GOLD_DISCOUNT_BBG', 'Amount', '50'),
	('MANAGER_DISTRICT_GOLD_DISCOUNT_BBG', 'Amount', '50');
INSERT INTO Types (Type, Kind) VALUES ('GOVERNOR_PROMOTION_MANAGER_BBG', 'KIND_GOVERNOR_PROMOTION');
INSERT INTO GovernorPromotionSets (GovernorType, GovernorPromotion) VALUES ('GOVERNOR_THE_MERCHANT', 'GOVERNOR_PROMOTION_MANAGER_BBG');
INSERT INTO GovernorPromotions (GovernorPromotionType, Name, Description, Level, Column)
	VALUES
		('GOVERNOR_PROMOTION_MANAGER_BBG', 'LOC_GOVERNOR_PROMOTION_MERCHANT_INVESTOR_NAME', 'LOC_GOVERNOR_PROMOTION_MERCHANT_INVESTOR_DESCRIPTION', 3, 2);
INSERT INTO GovernorPromotionModifiers (GovernorPromotionType, ModifierId)
	VALUES
		('GOVERNOR_PROMOTION_MANAGER_BBG', 'MANAGER_BUILDING_GOLD_DISCOUNT_BBG'),
		('GOVERNOR_PROMOTION_MANAGER_BBG', 'MANAGER_DISTRICT_GOLD_DISCOUNT_BBG');
INSERT INTO GovernorPromotionPrereqs (GovernorPromotionType, PrereqGovernorPromotion)
	VALUES
		('GOVERNOR_PROMOTION_MANAGER_BBG', 'GOVERNOR_PROMOTION_MERCHANT_TAX_COLLECTOR');
-- Delete Reyna's old one
DELETE FROM GovernorPromotionModifiers WHERE GovernorPromotionType='GOVERNOR_PROMOTION_MERCHANT_RENEWABLE_ENERGY';
DELETE FROM GovernorPromotionPrereqs WHERE GovernorPromotionType='GOVERNOR_PROMOTION_MERCHANT_RENEWABLE_ENERGY';
DELETE FROM GovernorPromotionPrereqs WHERE PrereqGovernorPromotion='GOVERNOR_PROMOTION_MERCHANT_RENEWABLE_ENERGY';
DELETE FROM GovernorPromotionSets WHERE GovernorPromotion='GOVERNOR_PROMOTION_MERCHANT_RENEWABLE_ENERGY';
DELETE FROM GovernorPromotions WHERE GovernorPromotionType='GOVERNOR_PROMOTION_MERCHANT_RENEWABLE_ENERGY';
-- bump gold from base ability
UPDATE ModifierArguments SET Value='4' WHERE ModifierId='FOREIGN_EXCHANGE_GOLD_FROM_FOREIGN_TRADE_PASSING_THROUGH' AND Name='Amount';
-- add +2 gold per breathtaking
INSERT INTO Requirements (RequirementId, RequirementType) VALUES
	('REQUIRES_PLOT_HAS_ANY_FEATURE_NO_IMPROVEMENTS_BBG', 'REQUIREMENT_REQUIREMENTSET_IS_MET');
INSERT INTO RequirementArguments (RequirementId, Name, Value) VALUES
	('REQUIRES_PLOT_HAS_ANY_FEATURE_NO_IMPROVEMENTS_BBG', 'RequirementSetId', 'PLOT_HAS_ANY_FEATURE_NO_IMPROVEMENTS');
INSERT INTO RequirementSets VALUES
	('PLOT_HAS_ANY_FEATURE_NO_IMPROVEMENTS_OR_BREATHTAKING_BBG', 'REQUIREMENTSET_TEST_ANY');
INSERT INTO RequirementSetRequirements VALUES
	('PLOT_HAS_ANY_FEATURE_NO_IMPROVEMENTS_OR_BREATHTAKING_BBG', 'REQUIRES_PLOT_HAS_ANY_FEATURE_NO_IMPROVEMENTS_BBG'),
	('PLOT_HAS_ANY_FEATURE_NO_IMPROVEMENTS_OR_BREATHTAKING_BBG', 'REQUIRES_PLOT_BREATHTAKING_APPEAL');
UPDATE Modifiers SET SubjectRequirementSetId='PLOT_HAS_ANY_FEATURE_NO_IMPROVEMENTS_OR_BREATHTAKING_BBG' WHERE ModifierId='FORESTRY_MANAGEMENT_FEATURE_NO_IMPROVEMENT_GOLD';
-- +1 trade route
INSERT INTO Modifiers (ModifierId, ModifierType) VALUES
	('TAX_COLLECTOR_ADJUST_TRADE_CAPACITY_BBG', 'MODIFIER_PLAYER_ADJUST_TRADE_ROUTE_CAPACITY');
INSERT INTO ModifierArguments (ModifierId, Name, Value) VALUES
	('TAX_COLLECTOR_ADJUST_TRADE_CAPACITY_BBG', 'Amount', '1');
INSERT INTO GovernorPromotionModifiers VALUES
	('GOVERNOR_PROMOTION_MERCHANT_TAX_COLLECTOR', 'TAX_COLLECTOR_ADJUST_TRADE_CAPACITY_BBG');


-- Increase prod and power for Magnus Industrialist promo
UPDATE ModifierArguments SET Value='4' WHERE ModifierId='INDUSTRIALIST_COAL_POWER_PLANT_PRODUCTION' AND Name='Amount';
UPDATE ModifierArguments SET Value='4' WHERE ModifierId='INDUSTRIALIST_OIL_POWER_PLANT_PRODUCTION' AND Name='Amount';
UPDATE ModifierArguments SET Value='4' WHERE ModifierId='INDUSTRIALIST_NUCLEAR_POWER_PLANT_PRODUCTION' AND Name='Amount';
UPDATE ModifierArguments SET Value='4' WHERE ModifierId='INDUSTRIALIST_RESOURCE_POWER_PROVIDED' AND Name='Amount';
-- Strategics required reduced to zero for Black Marketeer and swapped with Victor's Arms Race
UPDATE ModifierArguments SET Value='100' WHERE ModifierId='BLACK_MARKETEER_STRATEGIC_RESOURCE_COST_DISCOUNT' AND Name='Amount';
UPDATE GovernorPromotionSets SET GovernorType='GOVERNOR_THE_DEFENDER' WHERE GovernorPromotion='GOVERNOR_PROMOTION_RESOURCE_MANAGER_BLACK_MARKETEER';
UPDATE GovernorPromotionSets SET GovernorType='GOVERNOR_THE_RESOURCE_MANAGER' WHERE GovernorPromotion='GOVERNOR_PROMOTION_EDUCATOR_ARMS_RACE_PROPONENT';
DELETE FROM GovernorPromotionPrereqs WHERE GovernorPromotionType='GOVERNOR_PROMOTION_RESOURCE_MANAGER_BLACK_MARKETEER';
DELETE FROM GovernorPromotionPrereqs WHERE GovernorPromotionType='GOVERNOR_PROMOTION_EDUCATOR_ARMS_RACE_PROPONENT';
DELETE FROM GovernorPromotionPrereqs WHERE GovernorPromotionType='GOVERNOR_PROMOTION_RESOURCE_MANAGER_VERTICAL_INTEGRATION';
DELETE FROM GovernorPromotionPrereqs WHERE GovernorPromotionType='GOVERNOR_PROMOTION_EMBRASURE';
INSERT INTO GovernorPromotionPrereqs ( GovernorPromotionType, PrereqGovernorPromotion ) VALUES
	( 'GOVERNOR_PROMOTION_RESOURCE_MANAGER_VERTICAL_INTEGRATION', 'GOVERNOR_PROMOTION_RESOURCE_MANAGER_INDUSTRIALIST' ),
	( 'GOVERNOR_PROMOTION_EDUCATOR_ARMS_RACE_PROPONENT', 'GOVERNOR_PROMOTION_RESOURCE_MANAGER_INDUSTRIALIST' ),
	( 'GOVERNOR_PROMOTION_RESOURCE_MANAGER_INDUSTRIALIST', 'GOVERNOR_PROMOTION_RESOURCE_MANAGER_SURPLUS_LOGISTICS' ),
	( 'GOVERNOR_PROMOTION_EMBRASURE', 'GOVERNOR_PROMOTION_GARRISON_COMMANDER' ),
	( 'GOVERNOR_PROMOTION_RESOURCE_MANAGER_BLACK_MARKETEER', 'GOVERNOR_PROMOTION_DEFENSE_LOGISTICS' ),
	( 'GOVERNOR_PROMOTION_AIR_DEFENSE_INITIATIVE', 'GOVERNOR_PROMOTION_RESOURCE_MANAGER_BLACK_MARKETEER' );
UPDATE GovernorPromotions SET Column=1 WHERE GovernorPromotionType='GOVERNOR_PROMOTION_RESOURCE_MANAGER_INDUSTRIALIST';
UPDATE GovernorPromotions SET Column=0 WHERE GovernorPromotionType='GOVERNOR_PROMOTION_RESOURCE_MANAGER_VERTICAL_INTEGRATION';
UPDATE GovernorPromotions SET Column=0 WHERE GovernorPromotionType='GOVERNOR_PROMOTION_EMBRASURE';
UPDATE GovernorPromotions SET Column=2 WHERE GovernorPromotionType='GOVERNOR_PROMOTION_RESOURCE_MANAGER_BLACK_MARKETEER';
UPDATE GovernorPromotions SET Column=1 WHERE GovernorPromotionType='GOVERNOR_PROMOTION_AIR_DEFENSE_INITIATIVE';


-- Liang
-- +1 prod on every resource
INSERT INTO Modifiers (ModifierId, ModifierType, SubjectRequirementSetId) VALUES
	('ZONING_COMMISH_PROD_CITIZEN_BBG', 'MODIFIER_CITY_PLOT_YIELDS_ADJUST_PLOT_YIELD', 'ZONING_COMMISH_PROD_BBG_REQUIREMENTS');
INSERT INTO ModifierArguments ( ModifierId, Name, Value ) VALUES
	( 'ZONING_COMMISH_PROD_CITIZEN_BBG', 'Amount', '1' ),
	( 'ZONING_COMMISH_PROD_CITIZEN_BBG', 'YieldType', 'YIELD_PRODUCTION' );
INSERT INTO RequirementSets (RequirementSetId , RequirementSetType)
	VALUES ('ZONING_COMMISH_PROD_BBG_REQUIREMENTS' , 'REQUIREMENTSET_TEST_ALL');
INSERT INTO RequirementSetRequirements (RequirementSetId , RequirementId)
	VALUES ('ZONING_COMMISH_PROD_BBG_REQUIREMENTS' , 'REQUIRES_PLOT_HAS_VISIBLE_RESOURCE');
UPDATE GovernorPromotionModifiers SET ModifierId='ZONING_COMMISH_PROD_CITIZEN_BBG' WHERE GovernorPromotionType='GOVERNOR_PROMOTION_ZONING_COMMISSIONER' AND ModifierId='ZONING_COMMISSIONER_FASTER_DISTRICT_CONSTRUCTION';
DELETE FROM GovernorPromotionPrereqs WHERE GovernorPromotionType='GOVERNOR_PROMOTION_ZONING_COMMISSIONER';
INSERT INTO GovernorPromotionPrereqs ( GovernorPromotionType, PrereqGovernorPromotion ) VALUES
	( 'GOVERNOR_PROMOTION_ZONING_COMMISSIONER', 'GOVERNOR_PROMOTION_PARKS_RECREATION' ),
	( 'GOVERNOR_PROMOTION_ZONING_COMMISSIONER', 'GOVERNOR_PROMOTION_WATER_WORKS' );
UPDATE GovernorPromotions SET Level=3, Column=1 WHERE GovernorPromotionType='GOVERNOR_PROMOTION_ZONING_COMMISSIONER';

-- +1 food on every resource
DELETE FROM GovernorPromotionModifiers WHERE GovernorPromotionType='GOVERNOR_PROMOTION_AQUACULTURE';
DELETE FROM GovernorPromotionPrereqs WHERE GovernorPromotionType='GOVERNOR_PROMOTION_AQUACULTURE';
DELETE FROM GovernorPromotions WHERE GovernorPromotionType='GOVERNOR_PROMOTION_AQUACULTURE';
DELETE FROM GovernorPromotionSets WHERE GovernorPromotion='GOVERNOR_PROMOTION_AQUACULTURE';
DELETE FROM Types WHERE Type='GOVERNOR_PROMOTION_AQUACULTURE';
INSERT INTO Modifiers (ModifierId, ModifierType, SubjectRequirementSetId) VALUES
	('AGRICULTURE_FOOD_BBG', 'MODIFIER_CITY_PLOT_YIELDS_ADJUST_PLOT_YIELD', 'AGRICULTURE_FOOD_BBG_REQUIREMENTS');
INSERT INTO ModifierArguments (ModifierId , Name , Value)
	VALUES ('AGRICULTURE_FOOD_BBG' , 'YieldType' , 'YIELD_FOOD');
INSERT INTO ModifierArguments (ModifierId , Name , Value)
	VALUES ('AGRICULTURE_FOOD_BBG' , 'Amount' , '1');
INSERT INTO RequirementSets (RequirementSetId , RequirementSetType)
	VALUES ('AGRICULTURE_FOOD_BBG_REQUIREMENTS' , 'REQUIREMENTSET_TEST_ALL');
INSERT INTO RequirementSetRequirements (RequirementSetId , RequirementId)
	VALUES ('AGRICULTURE_FOOD_BBG_REQUIREMENTS' , 'REQUIRES_PLOT_HAS_VISIBLE_RESOURCE');
INSERT INTO Types (Type, Kind) VALUES ('AGRICULTURE_PROMOTION_BBG', 'KIND_GOVERNOR_PROMOTION');
INSERT INTO GovernorPromotionSets (GovernorType, GovernorPromotion) VALUES ('GOVERNOR_THE_BUILDER', 'AGRICULTURE_PROMOTION_BBG');
INSERT INTO GovernorPromotions (GovernorPromotionType, Name, Description, Level, Column)
	VALUES ('AGRICULTURE_PROMOTION_BBG', 'LOC_GOVERNOR_PROMOTION_AGRICULTURE_NAME', 'LOC_GOVERNOR_PROMOTION_AGRICULTURE_DESCRIPTION', 1, 2);
INSERT INTO GovernorPromotionModifiers (GovernorPromotionType, ModifierId)
	VALUES ('AGRICULTURE_PROMOTION_BBG', 'AGRICULTURE_FOOD_BBG');
INSERT INTO GovernorPromotionPrereqs (GovernorPromotionType, PrereqGovernorPromotion)
	VALUES ('AGRICULTURE_PROMOTION_BBG', 'GOVERNOR_PROMOTION_BUILDER_GUILDMASTER');

-- +1 housing for districts
DELETE FROM GovernorPromotionModifiers WHERE ModifierId='WATER_WORKS_NEIGHBORHOOD_HOUSING';
DELETE FROM GovernorPromotionModifiers WHERE ModifierId='WATER_WORKS_CANAL_AMENITY';
DELETE FROM GovernorPromotionModifiers WHERE ModifierId='WATER_WORKS_DAM_AMENITY';
UPDATE Modifiers SET SubjectRequirementSetId=NULL WHERE ModifierId='WATER_WORKS_AQUEDUCT_HOUSING';
UPDATE ModifierArguments SET Value='1' WHERE ModifierId='WATER_WORKS_AQUEDUCT_HOUSING' AND Name='Amount';
INSERT INTO GovernorPromotionPrereqs (GovernorPromotionType, PrereqGovernorPromotion) VALUES
	('GOVERNOR_PROMOTION_WATER_WORKS', 'AGRICULTURE_PROMOTION_BBG');
UPDATE GovernorPromotions SET Level=2, Column=2 WHERE GovernorPromotionType='GOVERNOR_PROMOTION_WATER_WORKS';

-- better parks
UPDATE Improvement_YieldChanges SET YieldChange=3 WHERE ImprovementType='IMPROVEMENT_CITY_PARK' AND YieldType='YIELD_CULTURE';
INSERT INTO Improvement_YieldChanges (ImprovementType, YieldType, YieldChange) VALUES
	('IMPROVEMENT_CITY_PARK', 'YIELD_SCIENCE', 3);
INSERT INTO Improvement_YieldChanges (ImprovementType, YieldType, YieldChange) VALUES
	('IMPROVEMENT_CITY_PARK', 'YIELD_GOLD', 3);
UPDATE Modifiers SET SubjectRequirementSetId=NULL WHERE ModifierId='CITY_PARK_WATER_AMENITY';
INSERT INTO Modifiers (ModifierId, ModifierType) VALUES
	('CITY_PARK_HOUSING_BBG', 'MODIFIER_SINGLE_CITY_ADJUST_IMPROVEMENT_HOUSING');
INSERT INTO ModifierArguments (ModifierId , Name , Value)
	VALUES ('CITY_PARK_HOUSING_BBG' , 'Amount' , '1');
INSERT INTO ImprovementModifiers (ImprovementType, ModifierID) VALUES
	('IMPROVEMENT_CITY_PARK', 'CITY_PARK_HOUSING_BBG');
DELETE FROM ImprovementModifiers WHERE ModifierID='CITY_PARK_GOVERNOR_CULTURE';
DELETE FROM Improvement_ValidTerrains WHERE ImprovementType='IMPROVEMENT_CITY_PARK' AND TerrainType='TERRAIN_DESERT_HILLS';
DELETE FROM Improvement_ValidTerrains WHERE ImprovementType='IMPROVEMENT_CITY_PARK' AND TerrainType='TERRAIN_GRASS_HILLS';
DELETE FROM Improvement_ValidTerrains WHERE ImprovementType='IMPROVEMENT_CITY_PARK' AND TerrainType='TERRAIN_PLAINS_HILLS';
DELETE FROM Improvement_ValidTerrains WHERE ImprovementType='IMPROVEMENT_CITY_PARK' AND TerrainType='TERRAIN_SNOW_HILLS';
DELETE FROM Improvement_ValidTerrains WHERE ImprovementType='IMPROVEMENT_CITY_PARK' AND TerrainType='TERRAIN_TUNDRA_HILLS';
UPDATE Improvements SET OnePerCity=1 WHERE ImprovementType='IMPROVEMENT_CITY_PARK';
-- move parks
UPDATE GovernorPromotions SET Level=2, Column=0 WHERE GovernorPromotionType='GOVERNOR_PROMOTION_PARKS_RECREATION';
DELETE FROM GovernorPromotionPrereqs WHERE GovernorPromotionType='GOVERNOR_PROMOTION_PARKS_RECREATION';
INSERT INTO GovernorPromotionPrereqs ( GovernorPromotionType, PrereqGovernorPromotion ) VALUES
	( 'GOVERNOR_PROMOTION_PARKS_RECREATION', 'GOVERNOR_PROMOTION_REINFORCED_INFRASTRUCTURE' );

-- add fishery to tech tree
UPDATE Improvements SET TraitType=NULL WHERE ImprovementType='IMPROVEMENT_FISHERY';
DELETE FROM ImprovementModifiers WHERE ImprovementType='IMPROVEMENT_FISHERY';
DELETE FROM Modifiers WHERE ModifierId='AQUACULTURE_CAN_BUILD_FISHERY';
DELETE FROM ModifierArguments WHERE ModifierId='AQUACULTURE_CAN_BUILD_FISHERY';
UPDATE Improvements SET PrereqTech='TECH_CARTOGRAPHY' WHERE ImprovementType='IMPROVEMENT_FISHERY';

-- add prod to reinforced materials
INSERT INTO RequirementSets ( RequirementSetId, RequirementSetType ) VALUES
	( 'REQUIRES_PLOT_HAS_VOLCANIC_SOIL_BBG', 'REQUIREMENTSET_TEST_ANY' );
INSERT INTO RequirementSetRequirements ( RequirementSetId, RequirementId ) VALUES
	( 'REQUIRES_PLOT_HAS_VOLCANIC_SOIL_BBG', 'PLOT_VOLCANIC_SOIL_REQUIREMENT' );
INSERT INTO Modifiers ( ModifierId, ModifierType, SubjectRequirementSetId ) VALUES
	( 'REINFORCED_INFRASTRUCTURE_FLOODPLAINS_PROD_BBG', 'MODIFIER_CITY_PLOT_YIELDS_ADJUST_PLOT_YIELD', 'REQUIRES_PLOT_HAS_FLOODPLAINS_CPL' ),
	( 'REINFORCED_INFRASTRUCTURE_VOLCANO_PROD_BBG', 'MODIFIER_CITY_PLOT_YIELDS_ADJUST_PLOT_YIELD', 'REQUIRES_PLOT_HAS_VOLCANIC_SOIL_BBG' );
INSERT INTO ModifierArguments (ModifierId , Name , Value) VALUES
	('REINFORCED_INFRASTRUCTURE_FLOODPLAINS_PROD_BBG' , 'YieldType' , 'YIELD_PRODUCTION'),
	('REINFORCED_INFRASTRUCTURE_FLOODPLAINS_PROD_BBG' , 'Amount' , '1'),
	('REINFORCED_INFRASTRUCTURE_VOLCANO_PROD_BBG' , 'YieldType' , 'YIELD_PRODUCTION'),
	('REINFORCED_INFRASTRUCTURE_VOLCANO_PROD_BBG' , 'Amount' , '1');
UPDATE GovernorPromotions SET Level=1 WHERE GovernorPromotionType='GOVERNOR_PROMOTION_REINFORCED_INFRASTRUCTURE';
DELETE FROM GovernorPromotionPrereqs WHERE GovernorPromotionType='GOVERNOR_PROMOTION_REINFORCED_INFRASTRUCTURE';
INSERT INTO GovernorPromotionPrereqs ( GovernorPromotionType, PrereqGovernorPromotion ) VALUES
	( 'GOVERNOR_PROMOTION_REINFORCED_INFRASTRUCTURE', 'GOVERNOR_PROMOTION_BUILDER_GUILDMASTER' );
INSERT INTO GovernorPromotionModifiers (GovernorPromotionType, ModifierId) VALUES
	( 'GOVERNOR_PROMOTION_REINFORCED_INFRASTRUCTURE', 'REINFORCED_INFRASTRUCTURE_FLOODPLAINS_PROD_BBG' ),
	( 'GOVERNOR_PROMOTION_REINFORCED_INFRASTRUCTURE', 'REINFORCED_INFRASTRUCTURE_VOLCANO_PROD_BBG' );


-- religion reqs for poland and chandragupta
--RequirementSet For FOUNDER Belief
INSERT INTO RequirementSetRequirements (RequirementSetId , RequirementId)
	VALUES ('RELIGION_HAS_FOUNDER_BELIEF_REQUIREMENTS_CPLMOD' , 'REQUIRES_BELIEF_SACRED_PLACES_CPLMOD');
--RequirementSet For ENHANCER Belief
INSERT INTO RequirementSetRequirements (RequirementSetId , RequirementId)
	VALUES ('RELIGION_HAS_ENHANCER_BELIEF_REQUIREMENTS_CPLMOD' , 'REQUIRES_BELIEF_HOLY_WATERS_CPLMOD');
--Checks for FOUNDER Belief
INSERT INTO Requirements (RequirementId , RequirementType)
	VALUES ('REQUIRES_BELIEF_SACRED_PLACES_CPLMOD' , 'REQUIREMENT_PLAYER_FOUNDED_RELIGION_WITH_BELIEF');
--Checks for ENHANCER Belief
INSERT INTO Requirements (RequirementId , RequirementType)
	VALUES ('REQUIRES_BELIEF_HOLY_WATERS_CPLMOD' , 'REQUIREMENT_PLAYER_FOUNDED_RELIGION_WITH_BELIEF');
--RequirementArguments
--FOUNDER	
INSERT INTO RequirementArguments (RequirementId , Name , Value)
	VALUES('REQUIRES_BELIEF_SACRED_PLACES_CPLMOD' , 'BeliefType' , 'BELIEF_SACRED_PLACES');
--ENHANCER
INSERT INTO RequirementArguments (RequirementId , Name , Value)
	VALUES ('REQUIRES_BELIEF_HOLY_WATERS_CPLMOD' , 'BeliefType' , 'BELIEF_HOLY_WATERS');
